country,city,area_m2,property_type,price,year,month,date,source
Singapore,ANG MO KIO,44.0,2 ROOM,300000.0,2024,6,2024-06-01,data_gov_sg
Singapore,ANG MO KIO,44.0,2 ROOM,288000.0,2024,6,2024-06-01,data_gov_sg
Singapore,ANG MO KIO,45.0,2 ROOM,306000.0,2024,6,2024-06-01,data_gov_sg
Singapore,ANG MO KIO,45.0,2 ROOM,315000.0,2024,6,2024-06-01,data_gov_sg
Singapore,ANG MO KIO,45.0,2 ROOM,328000.0,2024,6,2024-06-01,data_gov_sg
Singapore,ANG MO KIO,45.0,2 ROOM,310000.0,2024,6,2024-06-01,data_gov_sg
Singapore,ANG MO KIO,68.0,3 ROOM,390000.0,2024,6,2024-06-01,data_gov_sg
Singapore,ANG MO KIO,73.0,3 ROOM,412000.0,2024,6,2024-06-01,data_gov_sg
Singapore,ANG MO KIO,68.0,3 ROOM,400000.0,2024,6,2024-06-01,data_gov_sg
Singapore,ANG MO KIO,82.0,3 ROOM,495000.0,2024,6,2024-06-01,data_gov_sg
Singapore,ANG MO KIO,73.0,3 ROOM,427000.0,2024,6,2024-06-01,data_gov_sg
Singapore,ANG MO KIO,68.0,3 ROOM,385000.0,2024,6,2024-06-01,data_gov_sg
Singapore,ANG MO KIO,68.0,3 ROOM,388000.0,2024,6,2024-06-01,data_gov_sg
Singapore,ANG MO KIO,82.0,3 ROOM,460000.0,2024,6,2024-06-01,data_gov_sg
Singapore,ANG MO KIO,67.0,3 ROOM,340000.0,2024,6,2024-06-01,data_gov_sg
Singapore,ANG MO KIO,67.0,3 ROOM,412000.0,2024,6,2024-06-01,data_gov_sg
Singapore,ANG MO KIO,68.0,3 ROOM,422000.0,2024,6,2024-06-01,data_gov_sg
Singapore,ANG MO KIO,68.0,3 ROOM,410000.0,2024,6,2024-06-01,data_gov_sg
Singapore,ANG MO KIO,75.0,3 ROOM,402000.0,2024,6,2024-06-01,data_gov_sg
Singapore,ANG MO KIO,67.0,3 ROOM,432888.0,2024,6,2024-06-01,data_gov_sg
Singapore,ANG MO KIO,68.0,3 ROOM,380000.0,2024,6,2024-06-01,data_gov_sg
Singapore,ANG MO KIO,67.0,3 ROOM,415000.0,2024,6,2024-06-01,data_gov_sg
Singapore,ANG MO KIO,68.0,3 ROOM,375000.0,2024,6,2024-06-01,data_gov_sg
Singapore,ANG MO KIO,67.0,3 ROOM,382000.0,2024,6,2024-06-01,data_gov_sg
Singapore,ANG MO KIO,67.0,3 ROOM,383000.0,2024,6,2024-06-01,data_gov_sg
Singapore,ANG MO KIO,68.0,3 ROOM,393888.0,2024,6,2024-06-01,data_gov_sg
Singapore,ANG MO KIO,67.0,3 ROOM,370000.0,2024,6,2024-06-01,data_gov_sg
Singapore,ANG MO KIO,73.0,3 ROOM,470000.0,2024,6,2024-06-01,data_gov_sg
Singapore,ANG MO KIO,73.0,3 ROOM,460000.0,2024,6,2024-06-01,data_gov_sg
Singapore,ANG MO KIO,67.0,3 ROOM,378000.0,2024,6,2024-06-01,data_gov_sg
Singapore,ANG MO KIO,67.0,3 ROOM,383000.0,2024,6,2024-06-01,data_gov_sg
Singapore,ANG MO KIO,73.0,3 ROOM,431000.0,2024,6,2024-06-01,data_gov_sg
Singapore,ANG MO KIO,74.0,3 ROOM,405000.0,2024,6,2024-06-01,data_gov_sg
Singapore,ANG MO KIO,74.0,3 ROOM,430000.0,2024,6,2024-06-01,data_gov_sg
Singapore,ANG MO KIO,68.0,3 ROOM,400000.0,2024,6,2024-06-01,data_gov_sg
Singapore,ANG MO KIO,69.0,3 ROOM,388000.0,2024,6,2024-06-01,data_gov_sg
Singapore,ANG MO KIO,82.0,3 ROOM,490000.0,2024,6,2024-06-01,data_gov_sg
Singapore,ANG MO KIO,61.0,3 ROOM,380000.0,2024,6,2024-06-01,data_gov_sg
Singapore,ANG MO KIO,60.0,3 ROOM,380000.0,2024,6,2024-06-01,data_gov_sg
Singapore,ANG MO KIO,75.0,3 ROOM,450000.0,2024,6,2024-06-01,data_gov_sg
Singapore,ANG MO KIO,68.0,3 ROOM,410000.0,2024,6,2024-06-01,data_gov_sg
Singapore,ANG MO KIO,68.0,3 ROOM,380000.0,2024,6,2024-06-01,data_gov_sg
Singapore,ANG MO KIO,82.0,3 ROOM,448000.0,2024,6,2024-06-01,data_gov_sg
Singapore,ANG MO KIO,68.0,3 ROOM,418000.0,2024,6,2024-06-01,data_gov_sg
Singapore,ANG MO KIO,68.0,3 ROOM,385000.0,2024,6,2024-06-01,data_gov_sg
Singapore,ANG MO KIO,68.0,3 ROOM,380000.0,2024,6,2024-06-01,data_gov_sg
Singapore,ANG MO KIO,81.0,3 ROOM,465000.0,2024,6,2024-06-01,data_gov_sg
Singapore,ANG MO KIO,68.0,3 ROOM,368000.0,2024,6,2024-06-01,data_gov_sg
Singapore,ANG MO KIO,82.0,3 ROOM,525000.0,2024,6,2024-06-01,data_gov_sg
Singapore,ANG MO KIO,82.0,3 ROOM,490008.0,2024,6,2024-06-01,data_gov_sg
Singapore,ANG MO KIO,68.0,3 ROOM,385000.0,2024,6,2024-06-01,data_gov_sg
Singapore,ANG MO KIO,68.0,3 ROOM,780000.0,2024,6,2024-06-01,data_gov_sg
Singapore,ANG MO KIO,68.0,3 ROOM,720000.0,2024,6,2024-06-01,data_gov_sg
Singapore,ANG MO KIO,67.0,3 ROOM,595000.0,2024,6,2024-06-01,data_gov_sg
Singapore,ANG MO KIO,93.0,4 ROOM,525000.0,2024,6,2024-06-01,data_gov_sg
Singapore,ANG MO KIO,87.0,4 ROOM,845000.0,2024,6,2024-06-01,data_gov_sg
Singapore,ANG MO KIO,92.0,4 ROOM,510000.0,2024,6,2024-06-01,data_gov_sg
Singapore,ANG MO KIO,92.0,4 ROOM,510000.0,2024,6,2024-06-01,data_gov_sg
Singapore,ANG MO KIO,99.0,4 ROOM,490000.0,2024,6,2024-06-01,data_gov_sg
Singapore,ANG MO KIO,92.0,4 ROOM,590000.0,2024,6,2024-06-01,data_gov_sg
Singapore,ANG MO KIO,98.0,4 ROOM,628000.0,2024,6,2024-06-01,data_gov_sg
Singapore,ANG MO KIO,92.0,4 ROOM,561000.0,2024,6,2024-06-01,data_gov_sg
Singapore,ANG MO KIO,92.0,4 ROOM,535000.0,2024,6,2024-06-01,data_gov_sg
Singapore,ANG MO KIO,98.0,4 ROOM,620888.0,2024,6,2024-06-01,data_gov_sg
Singapore,ANG MO KIO,99.0,4 ROOM,526888.0,2024,6,2024-06-01,data_gov_sg
Singapore,ANG MO KIO,99.0,4 ROOM,588888.0,2024,6,2024-06-01,data_gov_sg
Singapore,ANG MO KIO,91.0,4 ROOM,492888.0,2024,6,2024-06-01,data_gov_sg
Singapore,ANG MO KIO,95.0,4 ROOM,512000.0,2024,6,2024-06-01,data_gov_sg
Singapore,ANG MO KIO,93.0,4 ROOM,480000.0,2024,6,2024-06-01,data_gov_sg
Singapore,ANG MO KIO,91.0,4 ROOM,498888.0,2024,6,2024-06-01,data_gov_sg
Singapore,ANG MO KIO,100.0,4 ROOM,558888.0,2024,6,2024-06-01,data_gov_sg
Singapore,ANG MO KIO,92.0,4 ROOM,558000.0,2024,6,2024-06-01,data_gov_sg
Singapore,ANG MO KIO,90.0,4 ROOM,720000.0,2024,6,2024-06-01,data_gov_sg
Singapore,ANG MO KIO,91.0,4 ROOM,540000.0,2024,6,2024-06-01,data_gov_sg
Singapore,ANG MO KIO,93.0,4 ROOM,555000.0,2024,6,2024-06-01,data_gov_sg
Singapore,ANG MO KIO,93.0,4 ROOM,981000.0,2024,6,2024-06-01,data_gov_sg
Singapore,ANG MO KIO,93.0,4 ROOM,975000.0,2024,6,2024-06-01,data_gov_sg
Singapore,ANG MO KIO,93.0,4 ROOM,858000.0,2024,6,2024-06-01,data_gov_sg
Singapore,ANG MO KIO,93.0,4 ROOM,790000.0,2024,6,2024-06-01,data_gov_sg
Singapore,ANG MO KIO,93.0,4 ROOM,1000000.0,2024,6,2024-06-01,data_gov_sg
Singapore,ANG MO KIO,93.0,4 ROOM,1038888.0,2024,6,2024-06-01,data_gov_sg
Singapore,ANG MO KIO,93.0,4 ROOM,878000.0,2024,6,2024-06-01,data_gov_sg
Singapore,ANG MO KIO,93.0,4 ROOM,985000.0,2024,6,2024-06-01,data_gov_sg
Singapore,ANG MO KIO,91.0,4 ROOM,775000.0,2024,6,2024-06-01,data_gov_sg
Singapore,ANG MO KIO,126.0,5 ROOM,808000.0,2024,6,2024-06-01,data_gov_sg
Singapore,ANG MO KIO,134.0,5 ROOM,1260000.0,2024,6,2024-06-01,data_gov_sg
Singapore,ANG MO KIO,119.0,5 ROOM,710000.0,2024,6,2024-06-01,data_gov_sg
Singapore,ANG MO KIO,119.0,5 ROOM,773000.0,2024,6,2024-06-01,data_gov_sg
Singapore,ANG MO KIO,123.0,5 ROOM,745000.0,2024,6,2024-06-01,data_gov_sg
Singapore,ANG MO KIO,119.0,5 ROOM,750000.0,2024,6,2024-06-01,data_gov_sg
Singapore,ANG MO KIO,119.0,5 ROOM,832888.0,2024,6,2024-06-01,data_gov_sg
Singapore,ANG MO KIO,134.0,5 ROOM,850000.0,2024,6,2024-06-01,data_gov_sg
Singapore,ANG MO KIO,121.0,5 ROOM,730000.0,2024,6,2024-06-01,data_gov_sg
Singapore,ANG MO KIO,110.0,5 ROOM,1015000.0,2024,6,2024-06-01,data_gov_sg
Singapore,ANG MO KIO,119.0,5 ROOM,720000.0,2024,6,2024-06-01,data_gov_sg
Singapore,ANG MO KIO,113.0,5 ROOM,1160000.0,2024,6,2024-06-01,data_gov_sg
Singapore,ANG MO KIO,113.0,5 ROOM,1006000.0,2024,6,2024-06-01,data_gov_sg
Singapore,ANG MO KIO,112.0,5 ROOM,1070000.0,2024,6,2024-06-01,data_gov_sg
Singapore,BEDOK,45.0,2 ROOM,322000.0,2024,6,2024-06-01,data_gov_sg
Singapore,BEDOK,45.0,2 ROOM,308000.0,2024,6,2024-06-01,data_gov_sg
Singapore,BEDOK,45.0,2 ROOM,290000.0,2024,6,2024-06-01,data_gov_sg
Singapore,BEDOK,69.0,3 ROOM,663000.0,2024,6,2024-06-01,data_gov_sg
Singapore,BEDOK,82.0,3 ROOM,437500.0,2024,6,2024-06-01,data_gov_sg
Singapore,BEDOK,82.0,3 ROOM,466000.0,2024,6,2024-06-01,data_gov_sg
Singapore,BEDOK,67.0,3 ROOM,428000.0,2024,6,2024-06-01,data_gov_sg
Singapore,BEDOK,67.0,3 ROOM,375000.0,2024,6,2024-06-01,data_gov_sg
Singapore,BEDOK,67.0,3 ROOM,398000.0,2024,6,2024-06-01,data_gov_sg
Singapore,BEDOK,59.0,3 ROOM,360000.0,2024,6,2024-06-01,data_gov_sg
Singapore,BEDOK,67.0,3 ROOM,427000.0,2024,6,2024-06-01,data_gov_sg
Singapore,BEDOK,59.0,3 ROOM,410000.0,2024,6,2024-06-01,data_gov_sg
Singapore,BEDOK,59.0,3 ROOM,372000.0,2024,6,2024-06-01,data_gov_sg
Singapore,BEDOK,68.0,3 ROOM,460000.0,2024,6,2024-06-01,data_gov_sg
Singapore,BEDOK,68.0,3 ROOM,419000.0,2024,6,2024-06-01,data_gov_sg
Singapore,BEDOK,67.0,3 ROOM,391000.0,2024,6,2024-06-01,data_gov_sg
Singapore,BEDOK,67.0,3 ROOM,390000.0,2024,6,2024-06-01,data_gov_sg
Singapore,BEDOK,68.0,3 ROOM,369000.0,2024,6,2024-06-01,data_gov_sg
Singapore,BEDOK,68.0,3 ROOM,370000.0,2024,6,2024-06-01,data_gov_sg
Singapore,BEDOK,69.0,3 ROOM,390000.0,2024,6,2024-06-01,data_gov_sg
Singapore,BEDOK,59.0,3 ROOM,365000.0,2024,6,2024-06-01,data_gov_sg
Singapore,BEDOK,68.0,3 ROOM,392000.0,2024,6,2024-06-01,data_gov_sg
Singapore,BEDOK,60.0,3 ROOM,355000.0,2024,6,2024-06-01,data_gov_sg
Singapore,BEDOK,68.0,3 ROOM,400000.0,2024,6,2024-06-01,data_gov_sg
Singapore,BEDOK,68.0,3 ROOM,390000.0,2024,6,2024-06-01,data_gov_sg
Singapore,BEDOK,67.0,3 ROOM,395000.0,2024,6,2024-06-01,data_gov_sg
Singapore,BEDOK,67.0,3 ROOM,405000.0,2024,6,2024-06-01,data_gov_sg
Singapore,BEDOK,68.0,3 ROOM,400000.0,2024,6,2024-06-01,data_gov_sg
Singapore,BEDOK,67.0,3 ROOM,390000.0,2024,6,2024-06-01,data_gov_sg
Singapore,BEDOK,68.0,3 ROOM,580000.0,2024,6,2024-06-01,data_gov_sg
Singapore,BEDOK,67.0,3 ROOM,385000.0,2024,6,2024-06-01,data_gov_sg
Singapore,BEDOK,68.0,3 ROOM,570000.0,2024,6,2024-06-01,data_gov_sg
Singapore,BEDOK,82.0,3 ROOM,438000.0,2024,6,2024-06-01,data_gov_sg
Singapore,BEDOK,81.0,3 ROOM,462000.0,2024,6,2024-06-01,data_gov_sg
Singapore,BEDOK,67.0,3 ROOM,398000.0,2024,6,2024-06-01,data_gov_sg
Singapore,BEDOK,70.0,3 ROOM,415000.0,2024,6,2024-06-01,data_gov_sg
Singapore,BEDOK,67.0,3 ROOM,422500.0,2024,6,2024-06-01,data_gov_sg
Singapore,BEDOK,67.0,3 ROOM,410288.0,2024,6,2024-06-01,data_gov_sg
Singapore,BEDOK,67.0,3 ROOM,405000.0,2024,6,2024-06-01,data_gov_sg
Singapore,BEDOK,59.0,3 ROOM,355000.0,2024,6,2024-06-01,data_gov_sg
Singapore,BEDOK,73.0,3 ROOM,390000.0,2024,6,2024-06-01,data_gov_sg
Singapore,BEDOK,67.0,3 ROOM,368000.0,2024,6,2024-06-01,data_gov_sg
Singapore,BEDOK,67.0,3 ROOM,412000.0,2024,6,2024-06-01,data_gov_sg
Singapore,BEDOK,65.0,3 ROOM,390000.0,2024,6,2024-06-01,data_gov_sg
Singapore,BEDOK,66.0,3 ROOM,390000.0,2024,6,2024-06-01,data_gov_sg
Singapore,BEDOK,75.0,3 ROOM,408000.0,2024,6,2024-06-01,data_gov_sg
Singapore,BEDOK,76.0,3 ROOM,410000.0,2024,6,2024-06-01,data_gov_sg
Singapore,BEDOK,76.0,3 ROOM,425000.0,2024,6,2024-06-01,data_gov_sg
Singapore,BEDOK,74.0,3 ROOM,380000.0,2024,6,2024-06-01,data_gov_sg
Singapore,BEDOK,75.0,3 ROOM,380000.0,2024,6,2024-06-01,data_gov_sg
Singapore,BEDOK,65.0,3 ROOM,358000.0,2024,6,2024-06-01,data_gov_sg
Singapore,BEDOK,68.0,3 ROOM,580000.0,2024,6,2024-06-01,data_gov_sg
Singapore,BEDOK,65.0,3 ROOM,421000.0,2024,6,2024-06-01,data_gov_sg
Singapore,BEDOK,68.0,3 ROOM,410000.0,2024,6,2024-06-01,data_gov_sg
Singapore,BEDOK,65.0,3 ROOM,380000.0,2024,6,2024-06-01,data_gov_sg
Singapore,BEDOK,87.0,4 ROOM,880000.0,2024,6,2024-06-01,data_gov_sg
Singapore,BEDOK,92.0,4 ROOM,555000.0,2024,6,2024-06-01,data_gov_sg
Singapore,BEDOK,92.0,4 ROOM,732000.0,2024,6,2024-06-01,data_gov_sg
Singapore,BEDOK,92.0,4 ROOM,685000.0,2024,6,2024-06-01,data_gov_sg
Singapore,BEDOK,92.0,4 ROOM,645000.0,2024,6,2024-06-01,data_gov_sg
Singapore,BEDOK,93.0,4 ROOM,740000.0,2024,6,2024-06-01,data_gov_sg
Singapore,BEDOK,93.0,4 ROOM,815000.0,2024,6,2024-06-01,data_gov_sg
Singapore,BEDOK,93.0,4 ROOM,860000.0,2024,6,2024-06-01,data_gov_sg
Singapore,BEDOK,93.0,4 ROOM,740000.0,2024,6,2024-06-01,data_gov_sg
Singapore,BEDOK,93.0,4 ROOM,860000.0,2024,6,2024-06-01,data_gov_sg
Singapore,BEDOK,87.0,4 ROOM,840000.0,2024,6,2024-06-01,data_gov_sg
Singapore,BEDOK,104.0,4 ROOM,590000.0,2024,6,2024-06-01,data_gov_sg
Singapore,BEDOK,102.0,4 ROOM,645000.0,2024,6,2024-06-01,data_gov_sg
Singapore,BEDOK,103.0,4 ROOM,581000.0,2024,6,2024-06-01,data_gov_sg
Singapore,BEDOK,91.0,4 ROOM,482888.0,2024,6,2024-06-01,data_gov_sg
Singapore,BEDOK,91.0,4 ROOM,570000.0,2024,6,2024-06-01,data_gov_sg
Singapore,BEDOK,84.0,4 ROOM,478000.0,2024,6,2024-06-01,data_gov_sg
Singapore,BEDOK,84.0,4 ROOM,438888.0,2024,6,2024-06-01,data_gov_sg
Singapore,BEDOK,90.0,4 ROOM,500000.0,2024,6,2024-06-01,data_gov_sg
Singapore,BEDOK,83.0,4 ROOM,503000.0,2024,6,2024-06-01,data_gov_sg
Singapore,BEDOK,88.0,4 ROOM,496000.0,2024,6,2024-06-01,data_gov_sg
Singapore,BEDOK,84.0,4 ROOM,420000.0,2024,6,2024-06-01,data_gov_sg
Singapore,BEDOK,84.0,4 ROOM,450000.0,2024,6,2024-06-01,data_gov_sg
Singapore,BEDOK,82.0,4 ROOM,435000.0,2024,6,2024-06-01,data_gov_sg
Singapore,BEDOK,104.0,4 ROOM,548888.0,2024,6,2024-06-01,data_gov_sg
Singapore,BEDOK,107.0,4 ROOM,670000.0,2024,6,2024-06-01,data_gov_sg
Singapore,BEDOK,108.0,4 ROOM,628000.0,2024,6,2024-06-01,data_gov_sg
Singapore,BEDOK,107.0,4 ROOM,708000.0,2024,6,2024-06-01,data_gov_sg
Singapore,BEDOK,92.0,4 ROOM,500000.0,2024,6,2024-06-01,data_gov_sg
Singapore,BEDOK,84.0,4 ROOM,480000.0,2024,6,2024-06-01,data_gov_sg
Singapore,BEDOK,84.0,4 ROOM,460000.0,2024,6,2024-06-01,data_gov_sg
Singapore,BEDOK,119.0,5 ROOM,600000.0,2024,6,2024-06-01,data_gov_sg
Singapore,BEDOK,110.0,5 ROOM,830000.0,2024,6,2024-06-01,data_gov_sg
Singapore,BEDOK,121.0,5 ROOM,623888.0,2024,6,2024-06-01,data_gov_sg
Singapore,BEDOK,121.0,5 ROOM,629000.0,2024,6,2024-06-01,data_gov_sg
Singapore,BEDOK,115.0,5 ROOM,802888.0,2024,6,2024-06-01,data_gov_sg
Singapore,BEDOK,115.0,5 ROOM,775000.0,2024,6,2024-06-01,data_gov_sg
Singapore,BEDOK,115.0,5 ROOM,830000.0,2024,6,2024-06-01,data_gov_sg
Singapore,BEDOK,136.0,5 ROOM,800000.0,2024,6,2024-06-01,data_gov_sg
Singapore,BEDOK,114.0,5 ROOM,780000.0,2024,6,2024-06-01,data_gov_sg
Singapore,BEDOK,117.0,5 ROOM,675000.0,2024,6,2024-06-01,data_gov_sg
Singapore,BEDOK,119.0,5 ROOM,745000.0,2024,6,2024-06-01,data_gov_sg
Singapore,BEDOK,117.0,5 ROOM,768000.0,2024,6,2024-06-01,data_gov_sg
Singapore,BEDOK,122.0,5 ROOM,730000.0,2024,6,2024-06-01,data_gov_sg
Singapore,BEDOK,133.0,5 ROOM,653000.0,2024,6,2024-06-01,data_gov_sg
Singapore,BEDOK,115.0,5 ROOM,808000.0,2024,6,2024-06-01,data_gov_sg
Singapore,BEDOK,118.0,5 ROOM,640000.0,2024,6,2024-06-01,data_gov_sg
Singapore,BEDOK,118.0,5 ROOM,678000.0,2024,6,2024-06-01,data_gov_sg
Singapore,BEDOK,144.0,EXECUTIVE,985000.0,2024,6,2024-06-01,data_gov_sg
Singapore,BEDOK,143.0,EXECUTIVE,1010000.0,2024,6,2024-06-01,data_gov_sg
Singapore,BEDOK,143.0,EXECUTIVE,910000.0,2024,6,2024-06-01,data_gov_sg
Singapore,BISHAN,64.0,3 ROOM,468000.0,2024,6,2024-06-01,data_gov_sg
Singapore,BISHAN,64.0,3 ROOM,505000.0,2024,6,2024-06-01,data_gov_sg
Singapore,BISHAN,103.0,4 ROOM,678888.0,2024,6,2024-06-01,data_gov_sg
Singapore,BISHAN,105.0,4 ROOM,813000.0,2024,6,2024-06-01,data_gov_sg
Singapore,BISHAN,84.0,4 ROOM,668000.0,2024,6,2024-06-01,data_gov_sg
Singapore,BISHAN,104.0,4 ROOM,790000.0,2024,6,2024-06-01,data_gov_sg
Singapore,BISHAN,103.0,4 ROOM,858899.0,2024,6,2024-06-01,data_gov_sg
Singapore,BISHAN,112.0,4 ROOM,830000.0,2024,6,2024-06-01,data_gov_sg
Singapore,BISHAN,104.0,4 ROOM,758000.0,2024,6,2024-06-01,data_gov_sg
Singapore,BISHAN,103.0,4 ROOM,790000.0,2024,6,2024-06-01,data_gov_sg
Singapore,BISHAN,103.0,4 ROOM,775000.0,2024,6,2024-06-01,data_gov_sg
Singapore,BISHAN,102.0,4 ROOM,780000.0,2024,6,2024-06-01,data_gov_sg
Singapore,BISHAN,106.0,4 ROOM,810000.0,2024,6,2024-06-01,data_gov_sg
Singapore,BISHAN,102.0,4 ROOM,830000.0,2024,6,2024-06-01,data_gov_sg
Singapore,BISHAN,102.0,4 ROOM,855888.0,2024,6,2024-06-01,data_gov_sg
Singapore,BISHAN,92.0,4 ROOM,660000.0,2024,6,2024-06-01,data_gov_sg
Singapore,BISHAN,91.0,4 ROOM,700000.0,2024,6,2024-06-01,data_gov_sg
Singapore,BISHAN,131.0,5 ROOM,951000.0,2024,6,2024-06-01,data_gov_sg
Singapore,BISHAN,122.0,5 ROOM,980888.0,2024,6,2024-06-01,data_gov_sg
Singapore,BISHAN,121.0,5 ROOM,855000.0,2024,6,2024-06-01,data_gov_sg
Singapore,BISHAN,121.0,5 ROOM,1000000.0,2024,6,2024-06-01,data_gov_sg
Singapore,BISHAN,121.0,5 ROOM,1050000.0,2024,6,2024-06-01,data_gov_sg
Singapore,BISHAN,121.0,5 ROOM,930000.0,2024,6,2024-06-01,data_gov_sg
Singapore,BISHAN,123.0,5 ROOM,1038888.0,2024,6,2024-06-01,data_gov_sg
Singapore,BISHAN,120.0,5 ROOM,1538000.0,2024,6,2024-06-01,data_gov_sg
Singapore,BISHAN,120.0,5 ROOM,1336000.0,2024,6,2024-06-01,data_gov_sg
Singapore,BISHAN,121.0,5 ROOM,981000.0,2024,6,2024-06-01,data_gov_sg
Singapore,BISHAN,121.0,5 ROOM,930000.0,2024,6,2024-06-01,data_gov_sg
Singapore,BISHAN,120.0,5 ROOM,990000.0,2024,6,2024-06-01,data_gov_sg
Singapore,BISHAN,149.0,EXECUTIVE,1300000.0,2024,6,2024-06-01,data_gov_sg
Singapore,BISHAN,149.0,EXECUTIVE,1228000.0,2024,6,2024-06-01,data_gov_sg
Singapore,BISHAN,174.0,EXECUTIVE,1480000.0,2024,6,2024-06-01,data_gov_sg
Singapore,BUKIT BATOK,47.0,2 ROOM,338000.0,2024,6,2024-06-01,data_gov_sg
Singapore,BUKIT BATOK,38.0,2 ROOM,348000.0,2024,6,2024-06-01,data_gov_sg
Singapore,BUKIT BATOK,47.0,2 ROOM,350000.0,2024,6,2024-06-01,data_gov_sg
Singapore,BUKIT BATOK,47.0,2 ROOM,360000.0,2024,6,2024-06-01,data_gov_sg
Singapore,BUKIT BATOK,37.0,2 ROOM,380000.0,2024,6,2024-06-01,data_gov_sg
Singapore,BUKIT BATOK,48.0,2 ROOM,355000.0,2024,6,2024-06-01,data_gov_sg
Singapore,BUKIT BATOK,48.0,2 ROOM,355000.0,2024,6,2024-06-01,data_gov_sg
Singapore,BUKIT BATOK,48.0,2 ROOM,370000.0,2024,6,2024-06-01,data_gov_sg
Singapore,BUKIT BATOK,48.0,2 ROOM,365000.0,2024,6,2024-06-01,data_gov_sg
Singapore,BUKIT BATOK,47.0,2 ROOM,360000.0,2024,6,2024-06-01,data_gov_sg
Singapore,BUKIT BATOK,48.0,2 ROOM,373000.0,2024,6,2024-06-01,data_gov_sg
Singapore,BUKIT BATOK,69.0,3 ROOM,397000.0,2024,6,2024-06-01,data_gov_sg
Singapore,BUKIT BATOK,64.0,3 ROOM,364000.0,2024,6,2024-06-01,data_gov_sg
Singapore,BUKIT BATOK,64.0,3 ROOM,363000.0,2024,6,2024-06-01,data_gov_sg
Singapore,BUKIT BATOK,69.0,3 ROOM,350000.0,2024,6,2024-06-01,data_gov_sg
Singapore,BUKIT BATOK,73.0,3 ROOM,375000.0,2024,6,2024-06-01,data_gov_sg
Singapore,BUKIT BATOK,73.0,3 ROOM,390000.0,2024,6,2024-06-01,data_gov_sg
Singapore,BUKIT BATOK,67.0,3 ROOM,400000.0,2024,6,2024-06-01,data_gov_sg
Singapore,BUKIT BATOK,68.0,3 ROOM,530000.0,2024,6,2024-06-01,data_gov_sg
Singapore,BUKIT BATOK,68.0,3 ROOM,460000.0,2024,6,2024-06-01,data_gov_sg
Singapore,BUKIT BATOK,68.0,3 ROOM,530000.0,2024,6,2024-06-01,data_gov_sg
Singapore,BUKIT BATOK,67.0,3 ROOM,401888.0,2024,6,2024-06-01,data_gov_sg
Singapore,BUKIT BATOK,68.0,3 ROOM,388000.0,2024,6,2024-06-01,data_gov_sg
Singapore,BUKIT BATOK,67.0,3 ROOM,583888.0,2024,6,2024-06-01,data_gov_sg
Singapore,BUKIT BATOK,68.0,3 ROOM,390000.0,2024,6,2024-06-01,data_gov_sg
Singapore,BUKIT BATOK,73.0,3 ROOM,403000.0,2024,6,2024-06-01,data_gov_sg
Singapore,BUKIT BATOK,73.0,3 ROOM,392000.0,2024,6,2024-06-01,data_gov_sg
Singapore,BUKIT BATOK,60.0,3 ROOM,360000.0,2024,6,2024-06-01,data_gov_sg
Singapore,BUKIT BATOK,60.0,3 ROOM,335000.0,2024,6,2024-06-01,data_gov_sg
Singapore,BUKIT BATOK,60.0,3 ROOM,370000.0,2024,6,2024-06-01,data_gov_sg
Singapore,BUKIT BATOK,73.0,3 ROOM,410000.0,2024,6,2024-06-01,data_gov_sg
Singapore,BUKIT BATOK,73.0,3 ROOM,386000.0,2024,6,2024-06-01,data_gov_sg
Singapore,BUKIT BATOK,73.0,3 ROOM,393000.0,2024,6,2024-06-01,data_gov_sg
Singapore,BUKIT BATOK,67.0,3 ROOM,473000.0,2024,6,2024-06-01,data_gov_sg
Singapore,BUKIT BATOK,82.0,3 ROOM,420000.0,2024,6,2024-06-01,data_gov_sg
Singapore,BUKIT BATOK,68.0,3 ROOM,365000.0,2024,6,2024-06-01,data_gov_sg
Singapore,BUKIT BATOK,59.0,3 ROOM,370000.0,2024,6,2024-06-01,data_gov_sg
Singapore,BUKIT BATOK,59.0,3 ROOM,345000.0,2024,6,2024-06-01,data_gov_sg
Singapore,BUKIT BATOK,68.0,3 ROOM,460000.0,2024,6,2024-06-01,data_gov_sg
Singapore,BUKIT BATOK,67.0,3 ROOM,470000.0,2024,6,2024-06-01,data_gov_sg
Singapore,BUKIT BATOK,67.0,3 ROOM,450000.0,2024,6,2024-06-01,data_gov_sg
Singapore,BUKIT BATOK,73.0,3 ROOM,410000.0,2024,6,2024-06-01,data_gov_sg
Singapore,BUKIT BATOK,73.0,3 ROOM,388888.0,2024,6,2024-06-01,data_gov_sg
Singapore,BUKIT BATOK,68.0,3 ROOM,485000.0,2024,6,2024-06-01,data_gov_sg
Singapore,BUKIT BATOK,68.0,3 ROOM,430000.0,2024,6,2024-06-01,data_gov_sg
Singapore,BUKIT BATOK,68.0,3 ROOM,475000.0,2024,6,2024-06-01,data_gov_sg
Singapore,BUKIT BATOK,68.0,3 ROOM,472000.0,2024,6,2024-06-01,data_gov_sg
Singapore,BUKIT BATOK,93.0,4 ROOM,500000.0,2024,6,2024-06-01,data_gov_sg
Singapore,BUKIT BATOK,102.0,4 ROOM,595000.0,2024,6,2024-06-01,data_gov_sg
Singapore,BUKIT BATOK,104.0,4 ROOM,500000.0,2024,6,2024-06-01,data_gov_sg
Singapore,BUKIT BATOK,84.0,4 ROOM,465000.0,2024,6,2024-06-01,data_gov_sg
Singapore,BUKIT BATOK,91.0,4 ROOM,445000.0,2024,6,2024-06-01,data_gov_sg
Singapore,BUKIT BATOK,93.0,4 ROOM,690000.0,2024,6,2024-06-01,data_gov_sg
Singapore,BUKIT BATOK,93.0,4 ROOM,620000.0,2024,6,2024-06-01,data_gov_sg
Singapore,BUKIT BATOK,93.0,4 ROOM,593000.0,2024,6,2024-06-01,data_gov_sg
Singapore,BUKIT BATOK,93.0,4 ROOM,750000.0,2024,6,2024-06-01,data_gov_sg
Singapore,BUKIT BATOK,93.0,4 ROOM,510000.0,2024,6,2024-06-01,data_gov_sg
Singapore,BUKIT BATOK,93.0,4 ROOM,775000.0,2024,6,2024-06-01,data_gov_sg
Singapore,BUKIT BATOK,92.0,4 ROOM,720000.0,2024,6,2024-06-01,data_gov_sg
Singapore,BUKIT BATOK,92.0,4 ROOM,748000.0,2024,6,2024-06-01,data_gov_sg
Singapore,BUKIT BATOK,102.0,4 ROOM,615000.0,2024,6,2024-06-01,data_gov_sg
Singapore,BUKIT BATOK,94.0,4 ROOM,560888.0,2024,6,2024-06-01,data_gov_sg
Singapore,BUKIT BATOK,84.0,4 ROOM,450000.0,2024,6,2024-06-01,data_gov_sg
Singapore,BUKIT BATOK,84.0,4 ROOM,488000.0,2024,6,2024-06-01,data_gov_sg
Singapore,BUKIT BATOK,84.0,4 ROOM,430000.0,2024,6,2024-06-01,data_gov_sg
Singapore,BUKIT BATOK,104.0,4 ROOM,520000.0,2024,6,2024-06-01,data_gov_sg
Singapore,BUKIT BATOK,103.0,4 ROOM,538000.0,2024,6,2024-06-01,data_gov_sg
Singapore,BUKIT BATOK,93.0,4 ROOM,620000.0,2024,6,2024-06-01,data_gov_sg
Singapore,BUKIT BATOK,93.0,4 ROOM,625000.0,2024,6,2024-06-01,data_gov_sg
Singapore,BUKIT BATOK,90.0,4 ROOM,575000.0,2024,6,2024-06-01,data_gov_sg
Singapore,BUKIT BATOK,93.0,4 ROOM,590000.0,2024,6,2024-06-01,data_gov_sg
Singapore,BUKIT BATOK,90.0,4 ROOM,565000.0,2024,6,2024-06-01,data_gov_sg
Singapore,BUKIT BATOK,90.0,4 ROOM,612000.0,2024,6,2024-06-01,data_gov_sg
Singapore,BUKIT BATOK,90.0,4 ROOM,570000.0,2024,6,2024-06-01,data_gov_sg
Singapore,BUKIT BATOK,93.0,4 ROOM,630000.0,2024,6,2024-06-01,data_gov_sg
Singapore,BUKIT BATOK,93.0,4 ROOM,550000.0,2024,6,2024-06-01,data_gov_sg
Singapore,BUKIT BATOK,93.0,4 ROOM,615000.0,2024,6,2024-06-01,data_gov_sg
Singapore,BUKIT BATOK,93.0,4 ROOM,678000.0,2024,6,2024-06-01,data_gov_sg
Singapore,BUKIT BATOK,105.0,4 ROOM,620000.0,2024,6,2024-06-01,data_gov_sg
Singapore,BUKIT BATOK,93.0,4 ROOM,562000.0,2024,6,2024-06-01,data_gov_sg
Singapore,BUKIT BATOK,93.0,4 ROOM,615000.0,2024,6,2024-06-01,data_gov_sg
Singapore,BUKIT BATOK,93.0,4 ROOM,640999.0,2024,6,2024-06-01,data_gov_sg
Singapore,BUKIT BATOK,103.0,4 ROOM,528000.0,2024,6,2024-06-01,data_gov_sg
Singapore,BUKIT BATOK,92.0,4 ROOM,648000.0,2024,6,2024-06-01,data_gov_sg
Singapore,BUKIT BATOK,92.0,4 ROOM,636000.0,2024,6,2024-06-01,data_gov_sg
Singapore,BUKIT BATOK,103.0,4 ROOM,520000.0,2024,6,2024-06-01,data_gov_sg
Singapore,BUKIT BATOK,93.0,4 ROOM,645000.0,2024,6,2024-06-01,data_gov_sg
Singapore,BUKIT BATOK,93.0,4 ROOM,630000.0,2024,6,2024-06-01,data_gov_sg
Singapore,BUKIT BATOK,93.0,4 ROOM,593000.0,2024,6,2024-06-01,data_gov_sg
Singapore,BUKIT BATOK,93.0,4 ROOM,650000.0,2024,6,2024-06-01,data_gov_sg
Singapore,BUKIT BATOK,92.0,4 ROOM,578000.0,2024,6,2024-06-01,data_gov_sg
Singapore,BUKIT BATOK,92.0,4 ROOM,640000.0,2024,6,2024-06-01,data_gov_sg
Singapore,BUKIT BATOK,93.0,4 ROOM,580000.0,2024,6,2024-06-01,data_gov_sg
Singapore,BUKIT BATOK,93.0,4 ROOM,635000.0,2024,6,2024-06-01,data_gov_sg
Singapore,BUKIT BATOK,103.0,4 ROOM,540000.0,2024,6,2024-06-01,data_gov_sg
Singapore,BUKIT BATOK,93.0,4 ROOM,593000.0,2024,6,2024-06-01,data_gov_sg
Singapore,BUKIT BATOK,92.0,4 ROOM,600000.0,2024,6,2024-06-01,data_gov_sg
Singapore,BUKIT BATOK,93.0,4 ROOM,560000.0,2024,6,2024-06-01,data_gov_sg
Singapore,BUKIT BATOK,92.0,4 ROOM,645000.0,2024,6,2024-06-01,data_gov_sg
Singapore,BUKIT BATOK,92.0,4 ROOM,580000.0,2024,6,2024-06-01,data_gov_sg
Singapore,BUKIT BATOK,92.0,4 ROOM,645000.0,2024,6,2024-06-01,data_gov_sg
Singapore,BUKIT BATOK,93.0,4 ROOM,640000.0,2024,6,2024-06-01,data_gov_sg
Singapore,BUKIT BATOK,93.0,4 ROOM,635000.0,2024,6,2024-06-01,data_gov_sg
Singapore,BUKIT BATOK,93.0,4 ROOM,659000.0,2024,6,2024-06-01,data_gov_sg
Singapore,BUKIT BATOK,93.0,4 ROOM,608000.0,2024,6,2024-06-01,data_gov_sg
Singapore,BUKIT BATOK,93.0,4 ROOM,605000.0,2024,6,2024-06-01,data_gov_sg
Singapore,BUKIT BATOK,93.0,4 ROOM,613000.0,2024,6,2024-06-01,data_gov_sg
Singapore,BUKIT BATOK,93.0,4 ROOM,648000.0,2024,6,2024-06-01,data_gov_sg
Singapore,BUKIT BATOK,93.0,4 ROOM,645000.0,2024,6,2024-06-01,data_gov_sg
Singapore,BUKIT BATOK,93.0,4 ROOM,650000.0,2024,6,2024-06-01,data_gov_sg
Singapore,BUKIT BATOK,93.0,4 ROOM,640000.0,2024,6,2024-06-01,data_gov_sg
Singapore,BUKIT BATOK,93.0,4 ROOM,615000.0,2024,6,2024-06-01,data_gov_sg
Singapore,BUKIT BATOK,119.0,5 ROOM,750000.0,2024,6,2024-06-01,data_gov_sg
Singapore,BUKIT BATOK,115.0,5 ROOM,950000.0,2024,6,2024-06-01,data_gov_sg
Singapore,BUKIT BATOK,121.0,5 ROOM,668888.0,2024,6,2024-06-01,data_gov_sg
Singapore,BUKIT BATOK,121.0,5 ROOM,690000.0,2024,6,2024-06-01,data_gov_sg
Singapore,BUKIT BATOK,113.0,5 ROOM,668000.0,2024,6,2024-06-01,data_gov_sg
Singapore,BUKIT BATOK,115.0,5 ROOM,710000.0,2024,6,2024-06-01,data_gov_sg
Singapore,BUKIT BATOK,110.0,5 ROOM,660000.0,2024,6,2024-06-01,data_gov_sg
Singapore,BUKIT BATOK,115.0,5 ROOM,720000.0,2024,6,2024-06-01,data_gov_sg
Singapore,BUKIT BATOK,113.0,5 ROOM,808000.0,2024,6,2024-06-01,data_gov_sg
Singapore,BUKIT BATOK,113.0,5 ROOM,790000.0,2024,6,2024-06-01,data_gov_sg
Singapore,BUKIT BATOK,112.0,5 ROOM,880000.0,2024,6,2024-06-01,data_gov_sg
Singapore,BUKIT BATOK,114.0,5 ROOM,800000.0,2024,6,2024-06-01,data_gov_sg
Singapore,BUKIT BATOK,112.0,5 ROOM,688000.0,2024,6,2024-06-01,data_gov_sg
Singapore,BUKIT BATOK,113.0,5 ROOM,810000.0,2024,6,2024-06-01,data_gov_sg
Singapore,BUKIT BATOK,112.0,5 ROOM,630000.0,2024,6,2024-06-01,data_gov_sg
Singapore,BUKIT BATOK,114.0,5 ROOM,805000.0,2024,6,2024-06-01,data_gov_sg
Singapore,BUKIT BATOK,112.0,5 ROOM,710000.0,2024,6,2024-06-01,data_gov_sg
Singapore,BUKIT BATOK,112.0,5 ROOM,665000.0,2024,6,2024-06-01,data_gov_sg
Singapore,BUKIT BATOK,113.0,5 ROOM,785000.0,2024,6,2024-06-01,data_gov_sg
Singapore,BUKIT BATOK,112.0,5 ROOM,775000.0,2024,6,2024-06-01,data_gov_sg
Singapore,BUKIT BATOK,112.0,5 ROOM,685000.0,2024,6,2024-06-01,data_gov_sg
Singapore,BUKIT BATOK,112.0,5 ROOM,740000.0,2024,6,2024-06-01,data_gov_sg
Singapore,BUKIT BATOK,134.0,5 ROOM,700000.0,2024,6,2024-06-01,data_gov_sg
Singapore,BUKIT BATOK,150.0,EXECUTIVE,920000.0,2024,6,2024-06-01,data_gov_sg
Singapore,BUKIT BATOK,155.0,EXECUTIVE,868000.0,2024,6,2024-06-01,data_gov_sg
Singapore,BUKIT BATOK,141.0,EXECUTIVE,935000.0,2024,6,2024-06-01,data_gov_sg
Singapore,BUKIT BATOK,152.0,EXECUTIVE,835000.0,2024,6,2024-06-01,data_gov_sg
Singapore,BUKIT MERAH,45.0,2 ROOM,290000.0,2024,6,2024-06-01,data_gov_sg
Singapore,BUKIT MERAH,43.0,2 ROOM,250000.0,2024,6,2024-06-01,data_gov_sg
Singapore,BUKIT MERAH,45.0,2 ROOM,312000.0,2024,6,2024-06-01,data_gov_sg
Singapore,BUKIT MERAH,65.0,3 ROOM,368000.0,2024,6,2024-06-01,data_gov_sg
Singapore,BUKIT MERAH,72.0,3 ROOM,515000.0,2024,6,2024-06-01,data_gov_sg
Singapore,BUKIT MERAH,69.0,3 ROOM,775000.0,2024,6,2024-06-01,data_gov_sg
Singapore,BUKIT MERAH,65.0,3 ROOM,370000.0,2024,6,2024-06-01,data_gov_sg
Singapore,BUKIT MERAH,68.0,3 ROOM,728000.0,2024,6,2024-06-01,data_gov_sg
Singapore,BUKIT MERAH,68.0,3 ROOM,740000.0,2024,6,2024-06-01,data_gov_sg
Singapore,BUKIT MERAH,56.0,3 ROOM,302000.0,2024,6,2024-06-01,data_gov_sg
Singapore,BUKIT MERAH,67.0,3 ROOM,378888.0,2024,6,2024-06-01,data_gov_sg
Singapore,BUKIT MERAH,64.0,3 ROOM,434888.0,2024,6,2024-06-01,data_gov_sg
Singapore,BUKIT MERAH,67.0,3 ROOM,450000.0,2024,6,2024-06-01,data_gov_sg
Singapore,BUKIT MERAH,82.0,3 ROOM,508888.0,2024,6,2024-06-01,data_gov_sg
Singapore,BUKIT MERAH,59.0,3 ROOM,370000.0,2024,6,2024-06-01,data_gov_sg
Singapore,BUKIT MERAH,60.0,3 ROOM,690000.0,2024,6,2024-06-01,data_gov_sg
Singapore,BUKIT MERAH,60.0,3 ROOM,688000.0,2024,6,2024-06-01,data_gov_sg
Singapore,BUKIT MERAH,53.0,3 ROOM,290000.0,2024,6,2024-06-01,data_gov_sg
Singapore,BUKIT MERAH,88.0,3 ROOM,718000.0,2024,6,2024-06-01,data_gov_sg
Singapore,BUKIT MERAH,54.0,3 ROOM,348888.0,2024,6,2024-06-01,data_gov_sg
Singapore,BUKIT MERAH,65.0,3 ROOM,392888.0,2024,6,2024-06-01,data_gov_sg
Singapore,BUKIT MERAH,82.0,3 ROOM,490000.0,2024,6,2024-06-01,data_gov_sg
Singapore,BUKIT MERAH,67.0,3 ROOM,410000.0,2024,6,2024-06-01,data_gov_sg
Singapore,BUKIT MERAH,67.0,3 ROOM,445000.0,2024,6,2024-06-01,data_gov_sg
Singapore,BUKIT MERAH,88.0,3 ROOM,470000.0,2024,6,2024-06-01,data_gov_sg
Singapore,BUKIT MERAH,59.0,3 ROOM,328000.0,2024,6,2024-06-01,data_gov_sg
Singapore,BUKIT MERAH,59.0,3 ROOM,318000.0,2024,6,2024-06-01,data_gov_sg
Singapore,BUKIT MERAH,68.0,3 ROOM,708000.0,2024,6,2024-06-01,data_gov_sg
Singapore,BUKIT MERAH,68.0,3 ROOM,700000.0,2024,6,2024-06-01,data_gov_sg
Singapore,BUKIT MERAH,68.0,3 ROOM,745000.0,2024,6,2024-06-01,data_gov_sg
Singapore,BUKIT MERAH,68.0,3 ROOM,728000.0,2024,6,2024-06-01,data_gov_sg
Singapore,BUKIT MERAH,75.0,3 ROOM,720000.0,2024,6,2024-06-01,data_gov_sg
Singapore,BUKIT MERAH,103.0,4 ROOM,708888.0,2024,6,2024-06-01,data_gov_sg
Singapore,BUKIT MERAH,90.0,4 ROOM,918000.0,2024,6,2024-06-01,data_gov_sg
Singapore,BUKIT MERAH,75.0,4 ROOM,900000.0,2024,6,2024-06-01,data_gov_sg
Singapore,BUKIT MERAH,90.0,4 ROOM,960000.0,2024,6,2024-06-01,data_gov_sg
Singapore,BUKIT MERAH,100.0,4 ROOM,785000.0,2024,6,2024-06-01,data_gov_sg
Singapore,BUKIT MERAH,100.0,4 ROOM,752000.0,2024,6,2024-06-01,data_gov_sg
Singapore,BUKIT MERAH,92.0,4 ROOM,838000.0,2024,6,2024-06-01,data_gov_sg
Singapore,BUKIT MERAH,92.0,4 ROOM,858000.0,2024,6,2024-06-01,data_gov_sg
Singapore,BUKIT MERAH,94.0,4 ROOM,835000.0,2024,6,2024-06-01,data_gov_sg
Singapore,BUKIT MERAH,93.0,4 ROOM,1000000.0,2024,6,2024-06-01,data_gov_sg
Singapore,BUKIT MERAH,83.0,4 ROOM,813000.0,2024,6,2024-06-01,data_gov_sg
Singapore,BUKIT MERAH,93.0,4 ROOM,1200000.0,2024,6,2024-06-01,data_gov_sg
Singapore,BUKIT MERAH,90.0,4 ROOM,875000.0,2024,6,2024-06-01,data_gov_sg
Singapore,BUKIT MERAH,92.0,4 ROOM,920000.0,2024,6,2024-06-01,data_gov_sg
Singapore,BUKIT MERAH,90.0,4 ROOM,885000.0,2024,6,2024-06-01,data_gov_sg
Singapore,BUKIT MERAH,90.0,4 ROOM,800000.0,2024,6,2024-06-01,data_gov_sg
Singapore,BUKIT MERAH,90.0,4 ROOM,920000.0,2024,6,2024-06-01,data_gov_sg
Singapore,BUKIT MERAH,85.0,4 ROOM,970000.0,2024,6,2024-06-01,data_gov_sg
Singapore,BUKIT MERAH,100.0,4 ROOM,948000.0,2024,6,2024-06-01,data_gov_sg
Singapore,BUKIT MERAH,100.0,4 ROOM,970500.0,2024,6,2024-06-01,data_gov_sg
Singapore,BUKIT MERAH,88.0,4 ROOM,1050000.0,2024,6,2024-06-01,data_gov_sg
Singapore,BUKIT MERAH,106.0,4 ROOM,845000.0,2024,6,2024-06-01,data_gov_sg
Singapore,BUKIT MERAH,92.0,4 ROOM,910000.0,2024,6,2024-06-01,data_gov_sg
Singapore,BUKIT MERAH,86.0,4 ROOM,850000.0,2024,6,2024-06-01,data_gov_sg
Singapore,BUKIT MERAH,92.0,4 ROOM,860000.0,2024,6,2024-06-01,data_gov_sg
Singapore,BUKIT MERAH,84.0,4 ROOM,575000.0,2024,6,2024-06-01,data_gov_sg
Singapore,BUKIT MERAH,100.0,4 ROOM,950000.0,2024,6,2024-06-01,data_gov_sg
Singapore,BUKIT MERAH,82.0,4 ROOM,485000.0,2024,6,2024-06-01,data_gov_sg
Singapore,BUKIT MERAH,91.0,4 ROOM,535000.0,2024,6,2024-06-01,data_gov_sg
Singapore,BUKIT MERAH,91.0,4 ROOM,565000.0,2024,6,2024-06-01,data_gov_sg
Singapore,BUKIT MERAH,93.0,4 ROOM,970000.0,2024,6,2024-06-01,data_gov_sg
Singapore,BUKIT MERAH,91.0,4 ROOM,560000.0,2024,6,2024-06-01,data_gov_sg
Singapore,BUKIT MERAH,82.0,4 ROOM,478000.0,2024,6,2024-06-01,data_gov_sg
Singapore,BUKIT MERAH,95.0,4 ROOM,980000.0,2024,6,2024-06-01,data_gov_sg
Singapore,BUKIT MERAH,93.0,4 ROOM,930000.0,2024,6,2024-06-01,data_gov_sg
Singapore,BUKIT MERAH,93.0,4 ROOM,958000.0,2024,6,2024-06-01,data_gov_sg
Singapore,BUKIT MERAH,93.0,4 ROOM,800000.0,2024,6,2024-06-01,data_gov_sg
Singapore,BUKIT MERAH,93.0,4 ROOM,935000.0,2024,6,2024-06-01,data_gov_sg
Singapore,BUKIT MERAH,93.0,4 ROOM,930000.0,2024,6,2024-06-01,data_gov_sg
Singapore,BUKIT MERAH,93.0,4 ROOM,865000.0,2024,6,2024-06-01,data_gov_sg
Singapore,BUKIT MERAH,82.0,4 ROOM,495888.0,2024,6,2024-06-01,data_gov_sg
Singapore,BUKIT MERAH,112.0,5 ROOM,1588000.0,2024,6,2024-06-01,data_gov_sg
Singapore,BUKIT MERAH,110.0,5 ROOM,1038000.0,2024,6,2024-06-01,data_gov_sg
Singapore,BUKIT MERAH,119.0,5 ROOM,1026000.0,2024,6,2024-06-01,data_gov_sg
Singapore,BUKIT MERAH,116.0,5 ROOM,910000.0,2024,6,2024-06-01,data_gov_sg
Singapore,BUKIT MERAH,118.0,5 ROOM,1088000.0,2024,6,2024-06-01,data_gov_sg
Singapore,BUKIT MERAH,113.0,5 ROOM,1588000.0,2024,6,2024-06-01,data_gov_sg
Singapore,BUKIT MERAH,113.0,5 ROOM,1500000.0,2024,6,2024-06-01,data_gov_sg
Singapore,BUKIT MERAH,121.0,5 ROOM,836000.0,2024,6,2024-06-01,data_gov_sg
Singapore,BUKIT MERAH,115.0,5 ROOM,1160000.0,2024,6,2024-06-01,data_gov_sg
Singapore,BUKIT MERAH,121.0,5 ROOM,905000.0,2024,6,2024-06-01,data_gov_sg
Singapore,BUKIT MERAH,123.0,5 ROOM,890000.0,2024,6,2024-06-01,data_gov_sg
Singapore,BUKIT MERAH,110.0,5 ROOM,1015000.0,2024,6,2024-06-01,data_gov_sg
Singapore,BUKIT PANJANG,73.0,3 ROOM,425000.0,2024,6,2024-06-01,data_gov_sg
Singapore,BUKIT PANJANG,73.0,3 ROOM,395000.0,2024,6,2024-06-01,data_gov_sg
Singapore,BUKIT PANJANG,73.0,3 ROOM,420000.0,2024,6,2024-06-01,data_gov_sg
Singapore,BUKIT PANJANG,73.0,3 ROOM,395000.0,2024,6,2024-06-01,data_gov_sg
Singapore,BUKIT PANJANG,73.0,3 ROOM,410000.0,2024,6,2024-06-01,data_gov_sg
Singapore,BUKIT PANJANG,68.0,3 ROOM,415000.0,2024,6,2024-06-01,data_gov_sg
Singapore,BUKIT PANJANG,104.0,4 ROOM,540000.0,2024,6,2024-06-01,data_gov_sg
Singapore,BUKIT PANJANG,103.0,4 ROOM,520000.0,2024,6,2024-06-01,data_gov_sg
Singapore,BUKIT PANJANG,100.0,4 ROOM,635888.0,2024,6,2024-06-01,data_gov_sg
Singapore,BUKIT PANJANG,104.0,4 ROOM,490000.0,2024,6,2024-06-01,data_gov_sg
Singapore,BUKIT PANJANG,90.0,4 ROOM,485000.0,2024,6,2024-06-01,data_gov_sg
Singapore,BUKIT PANJANG,103.0,4 ROOM,495000.0,2024,6,2024-06-01,data_gov_sg
Singapore,BUKIT PANJANG,104.0,4 ROOM,500000.0,2024,6,2024-06-01,data_gov_sg
Singapore,BUKIT PANJANG,84.0,4 ROOM,430000.0,2024,6,2024-06-01,data_gov_sg
Singapore,BUKIT PANJANG,103.0,4 ROOM,588000.0,2024,6,2024-06-01,data_gov_sg
Singapore,BUKIT PANJANG,101.0,4 ROOM,706688.0,2024,6,2024-06-01,data_gov_sg
Singapore,BUKIT PANJANG,104.0,4 ROOM,530000.0,2024,6,2024-06-01,data_gov_sg
Singapore,BUKIT PANJANG,93.0,4 ROOM,745000.0,2024,6,2024-06-01,data_gov_sg
Singapore,BUKIT PANJANG,84.0,4 ROOM,460000.0,2024,6,2024-06-01,data_gov_sg
Singapore,BUKIT PANJANG,103.0,4 ROOM,530000.0,2024,6,2024-06-01,data_gov_sg
Singapore,BUKIT PANJANG,101.0,4 ROOM,717000.0,2024,6,2024-06-01,data_gov_sg
Singapore,BUKIT PANJANG,104.0,4 ROOM,510000.0,2024,6,2024-06-01,data_gov_sg
Singapore,BUKIT PANJANG,91.0,4 ROOM,500000.0,2024,6,2024-06-01,data_gov_sg
Singapore,BUKIT PANJANG,92.0,4 ROOM,572000.0,2024,6,2024-06-01,data_gov_sg
Singapore,BUKIT PANJANG,93.0,4 ROOM,555000.0,2024,6,2024-06-01,data_gov_sg
Singapore,BUKIT PANJANG,85.0,4 ROOM,495000.0,2024,6,2024-06-01,data_gov_sg
Singapore,BUKIT PANJANG,99.0,4 ROOM,738000.0,2024,6,2024-06-01,data_gov_sg
Singapore,BUKIT PANJANG,93.0,4 ROOM,585000.0,2024,6,2024-06-01,data_gov_sg
Singapore,BUKIT PANJANG,93.0,4 ROOM,587000.0,2024,6,2024-06-01,data_gov_sg
Singapore,BUKIT PANJANG,93.0,4 ROOM,620000.0,2024,6,2024-06-01,data_gov_sg
Singapore,BUKIT PANJANG,91.0,4 ROOM,590000.0,2024,6,2024-06-01,data_gov_sg
Singapore,BUKIT PANJANG,93.0,4 ROOM,643000.0,2024,6,2024-06-01,data_gov_sg
Singapore,BUKIT PANJANG,122.0,5 ROOM,731888.0,2024,6,2024-06-01,data_gov_sg
Singapore,BUKIT PANJANG,110.0,5 ROOM,610000.0,2024,6,2024-06-01,data_gov_sg
Singapore,BUKIT PANJANG,111.0,5 ROOM,688000.0,2024,6,2024-06-01,data_gov_sg
Singapore,BUKIT PANJANG,120.0,5 ROOM,900000.0,2024,6,2024-06-01,data_gov_sg
Singapore,BUKIT PANJANG,110.0,5 ROOM,585000.0,2024,6,2024-06-01,data_gov_sg
Singapore,BUKIT PANJANG,120.0,5 ROOM,565000.0,2024,6,2024-06-01,data_gov_sg
Singapore,BUKIT PANJANG,122.0,5 ROOM,645000.0,2024,6,2024-06-01,data_gov_sg
Singapore,BUKIT PANJANG,117.0,5 ROOM,638000.0,2024,6,2024-06-01,data_gov_sg
Singapore,BUKIT PANJANG,113.0,5 ROOM,735000.0,2024,6,2024-06-01,data_gov_sg
Singapore,BUKIT PANJANG,122.0,5 ROOM,645000.0,2024,6,2024-06-01,data_gov_sg
Singapore,BUKIT PANJANG,121.0,5 ROOM,760000.0,2024,6,2024-06-01,data_gov_sg
Singapore,BUKIT PANJANG,123.0,5 ROOM,665000.0,2024,6,2024-06-01,data_gov_sg
Singapore,BUKIT PANJANG,121.0,5 ROOM,649000.0,2024,6,2024-06-01,data_gov_sg
Singapore,BUKIT PANJANG,121.0,5 ROOM,833000.0,2024,6,2024-06-01,data_gov_sg
Singapore,BUKIT PANJANG,121.0,5 ROOM,868000.0,2024,6,2024-06-01,data_gov_sg
Singapore,BUKIT PANJANG,120.0,5 ROOM,620000.0,2024,6,2024-06-01,data_gov_sg
Singapore,BUKIT PANJANG,120.0,5 ROOM,863000.0,2024,6,2024-06-01,data_gov_sg
Singapore,BUKIT PANJANG,110.0,5 ROOM,561588.0,2024,6,2024-06-01,data_gov_sg
Singapore,BUKIT PANJANG,110.0,5 ROOM,600000.0,2024,6,2024-06-01,data_gov_sg
Singapore,BUKIT PANJANG,110.0,5 ROOM,650000.0,2024,6,2024-06-01,data_gov_sg
Singapore,BUKIT PANJANG,110.0,5 ROOM,683000.0,2024,6,2024-06-01,data_gov_sg
Singapore,BUKIT PANJANG,112.0,5 ROOM,785000.0,2024,6,2024-06-01,data_gov_sg
Singapore,BUKIT PANJANG,150.0,EXECUTIVE,863000.0,2024,6,2024-06-01,data_gov_sg
Singapore,BUKIT PANJANG,146.0,EXECUTIVE,830000.0,2024,6,2024-06-01,data_gov_sg
Singapore,BUKIT PANJANG,146.0,EXECUTIVE,810000.0,2024,6,2024-06-01,data_gov_sg
Singapore,BUKIT PANJANG,130.0,EXECUTIVE,888000.0,2024,6,2024-06-01,data_gov_sg
Singapore,BUKIT TIMAH,89.0,4 ROOM,680000.0,2024,6,2024-06-01,data_gov_sg
Singapore,BUKIT TIMAH,91.0,4 ROOM,530000.0,2024,6,2024-06-01,data_gov_sg
Singapore,BUKIT TIMAH,104.0,4 ROOM,900000.0,2024,6,2024-06-01,data_gov_sg
Singapore,BUKIT TIMAH,128.0,5 ROOM,1222800.0,2024,6,2024-06-01,data_gov_sg
Singapore,BUKIT TIMAH,128.0,5 ROOM,1085000.0,2024,6,2024-06-01,data_gov_sg
Singapore,CENTRAL AREA,52.0,2 ROOM,388000.0,2024,6,2024-06-01,data_gov_sg
Singapore,CENTRAL AREA,87.0,3 ROOM,530000.0,2024,6,2024-06-01,data_gov_sg
Singapore,CENTRAL AREA,57.0,3 ROOM,420000.0,2024,6,2024-06-01,data_gov_sg
Singapore,CENTRAL AREA,60.0,3 ROOM,520000.0,2024,6,2024-06-01,data_gov_sg
Singapore,CENTRAL AREA,59.0,3 ROOM,535000.0,2024,6,2024-06-01,data_gov_sg
Singapore,CENTRAL AREA,59.0,3 ROOM,498888.0,2024,6,2024-06-01,data_gov_sg
Singapore,CENTRAL AREA,68.0,3 ROOM,625000.0,2024,6,2024-06-01,data_gov_sg
Singapore,CENTRAL AREA,60.0,3 ROOM,470000.0,2024,6,2024-06-01,data_gov_sg
Singapore,CENTRAL AREA,94.0,4 ROOM,1365000.0,2024,6,2024-06-01,data_gov_sg
Singapore,CENTRAL AREA,95.0,4 ROOM,1329000.0,2024,6,2024-06-01,data_gov_sg
Singapore,CENTRAL AREA,95.0,4 ROOM,1300000.0,2024,6,2024-06-01,data_gov_sg
Singapore,CENTRAL AREA,77.0,4 ROOM,520000.0,2024,6,2024-06-01,data_gov_sg
Singapore,CENTRAL AREA,87.0,4 ROOM,635000.0,2024,6,2024-06-01,data_gov_sg
Singapore,CENTRAL AREA,85.0,4 ROOM,645000.0,2024,6,2024-06-01,data_gov_sg
Singapore,CENTRAL AREA,75.0,4 ROOM,590000.0,2024,6,2024-06-01,data_gov_sg
Singapore,CENTRAL AREA,111.0,4 ROOM,760000.0,2024,6,2024-06-01,data_gov_sg
Singapore,CENTRAL AREA,82.0,4 ROOM,660000.0,2024,6,2024-06-01,data_gov_sg
Singapore,CENTRAL AREA,105.0,5 ROOM,807000.0,2024,6,2024-06-01,data_gov_sg
Singapore,CENTRAL AREA,139.0,5 ROOM,980000.0,2024,6,2024-06-01,data_gov_sg
Singapore,CHOA CHU KANG,47.0,2 ROOM,320000.0,2024,6,2024-06-01,data_gov_sg
Singapore,CHOA CHU KANG,67.0,3 ROOM,432000.0,2024,6,2024-06-01,data_gov_sg
Singapore,CHOA CHU KANG,74.0,3 ROOM,388000.0,2024,6,2024-06-01,data_gov_sg
Singapore,CHOA CHU KANG,74.0,3 ROOM,385000.0,2024,6,2024-06-01,data_gov_sg
Singapore,CHOA CHU KANG,92.0,4 ROOM,528000.0,2024,6,2024-06-01,data_gov_sg
Singapore,CHOA CHU KANG,92.0,4 ROOM,571000.0,2024,6,2024-06-01,data_gov_sg
Singapore,CHOA CHU KANG,92.0,4 ROOM,590000.0,2024,6,2024-06-01,data_gov_sg
Singapore,CHOA CHU KANG,92.0,4 ROOM,575000.0,2024,6,2024-06-01,data_gov_sg
Singapore,CHOA CHU KANG,92.0,4 ROOM,580000.0,2024,6,2024-06-01,data_gov_sg
Singapore,CHOA CHU KANG,104.0,4 ROOM,535000.0,2024,6,2024-06-01,data_gov_sg
Singapore,CHOA CHU KANG,92.0,4 ROOM,578000.0,2024,6,2024-06-01,data_gov_sg
Singapore,CHOA CHU KANG,101.0,4 ROOM,481000.0,2024,6,2024-06-01,data_gov_sg
Singapore,CHOA CHU KANG,102.0,4 ROOM,508000.0,2024,6,2024-06-01,data_gov_sg
Singapore,CHOA CHU KANG,101.0,4 ROOM,532533.0,2024,6,2024-06-01,data_gov_sg
Singapore,CHOA CHU KANG,104.0,4 ROOM,560000.0,2024,6,2024-06-01,data_gov_sg
Singapore,CHOA CHU KANG,106.0,4 ROOM,530000.0,2024,6,2024-06-01,data_gov_sg
Singapore,CHOA CHU KANG,106.0,4 ROOM,470000.0,2024,6,2024-06-01,data_gov_sg
Singapore,CHOA CHU KANG,110.0,4 ROOM,568888.0,2024,6,2024-06-01,data_gov_sg
Singapore,CHOA CHU KANG,104.0,4 ROOM,500000.0,2024,6,2024-06-01,data_gov_sg
Singapore,CHOA CHU KANG,106.0,4 ROOM,540000.0,2024,6,2024-06-01,data_gov_sg
Singapore,CHOA CHU KANG,105.0,4 ROOM,510000.0,2024,6,2024-06-01,data_gov_sg
Singapore,CHOA CHU KANG,101.0,4 ROOM,480000.0,2024,6,2024-06-01,data_gov_sg
Singapore,CHOA CHU KANG,93.0,4 ROOM,590000.0,2024,6,2024-06-01,data_gov_sg
Singapore,CHOA CHU KANG,93.0,4 ROOM,560000.0,2024,6,2024-06-01,data_gov_sg
Singapore,CHOA CHU KANG,101.0,4 ROOM,400000.0,2024,6,2024-06-01,data_gov_sg
Singapore,CHOA CHU KANG,101.0,4 ROOM,490000.0,2024,6,2024-06-01,data_gov_sg
Singapore,CHOA CHU KANG,92.0,4 ROOM,560000.0,2024,6,2024-06-01,data_gov_sg
Singapore,CHOA CHU KANG,90.0,4 ROOM,485000.0,2024,6,2024-06-01,data_gov_sg
Singapore,CHOA CHU KANG,91.0,4 ROOM,500000.0,2024,6,2024-06-01,data_gov_sg
Singapore,CHOA CHU KANG,93.0,4 ROOM,498000.0,2024,6,2024-06-01,data_gov_sg
Singapore,CHOA CHU KANG,93.0,4 ROOM,570000.0,2024,6,2024-06-01,data_gov_sg
Singapore,CHOA CHU KANG,105.0,4 ROOM,510000.0,2024,6,2024-06-01,data_gov_sg
Singapore,CHOA CHU KANG,103.0,4 ROOM,488000.0,2024,6,2024-06-01,data_gov_sg
Singapore,CHOA CHU KANG,103.0,4 ROOM,490000.0,2024,6,2024-06-01,data_gov_sg
Singapore,CHOA CHU KANG,104.0,4 ROOM,520000.0,2024,6,2024-06-01,data_gov_sg
Singapore,CHOA CHU KANG,106.0,4 ROOM,537588.0,2024,6,2024-06-01,data_gov_sg
Singapore,CHOA CHU KANG,103.0,4 ROOM,520000.0,2024,6,2024-06-01,data_gov_sg
Singapore,CHOA CHU KANG,100.0,4 ROOM,551000.0,2024,6,2024-06-01,data_gov_sg
Singapore,CHOA CHU KANG,104.0,4 ROOM,540888.0,2024,6,2024-06-01,data_gov_sg
Singapore,CHOA CHU KANG,100.0,4 ROOM,498000.0,2024,6,2024-06-01,data_gov_sg
Singapore,CHOA CHU KANG,85.0,4 ROOM,475000.0,2024,6,2024-06-01,data_gov_sg
Singapore,CHOA CHU KANG,85.0,4 ROOM,475000.0,2024,6,2024-06-01,data_gov_sg
Singapore,CHOA CHU KANG,105.0,4 ROOM,553000.0,2024,6,2024-06-01,data_gov_sg
Singapore,CHOA CHU KANG,104.0,4 ROOM,505000.0,2024,6,2024-06-01,data_gov_sg
Singapore,CHOA CHU KANG,104.0,4 ROOM,530000.0,2024,6,2024-06-01,data_gov_sg
Singapore,CHOA CHU KANG,105.0,4 ROOM,505000.0,2024,6,2024-06-01,data_gov_sg
Singapore,CHOA CHU KANG,90.0,4 ROOM,485000.0,2024,6,2024-06-01,data_gov_sg
Singapore,CHOA CHU KANG,90.0,4 ROOM,488000.0,2024,6,2024-06-01,data_gov_sg
Singapore,CHOA CHU KANG,113.0,4 ROOM,550000.0,2024,6,2024-06-01,data_gov_sg
Singapore,CHOA CHU KANG,113.0,4 ROOM,600000.0,2024,6,2024-06-01,data_gov_sg
Singapore,CHOA CHU KANG,92.0,4 ROOM,530000.0,2024,6,2024-06-01,data_gov_sg
Singapore,CHOA CHU KANG,92.0,4 ROOM,560000.0,2024,6,2024-06-01,data_gov_sg
Singapore,CHOA CHU KANG,92.0,4 ROOM,523000.0,2024,6,2024-06-01,data_gov_sg
Singapore,CHOA CHU KANG,108.0,4 ROOM,519000.0,2024,6,2024-06-01,data_gov_sg
Singapore,CHOA CHU KANG,101.0,4 ROOM,638000.0,2024,6,2024-06-01,data_gov_sg
Singapore,CHOA CHU KANG,93.0,4 ROOM,540000.0,2024,6,2024-06-01,data_gov_sg
Singapore,CHOA CHU KANG,93.0,4 ROOM,578000.0,2024,6,2024-06-01,data_gov_sg
Singapore,CHOA CHU KANG,92.0,4 ROOM,530000.0,2024,6,2024-06-01,data_gov_sg
Singapore,CHOA CHU KANG,93.0,4 ROOM,565000.0,2024,6,2024-06-01,data_gov_sg
Singapore,CHOA CHU KANG,92.0,4 ROOM,545000.0,2024,6,2024-06-01,data_gov_sg
Singapore,CHOA CHU KANG,103.0,4 ROOM,480000.0,2024,6,2024-06-01,data_gov_sg
Singapore,CHOA CHU KANG,103.0,4 ROOM,526000.0,2024,6,2024-06-01,data_gov_sg
Singapore,CHOA CHU KANG,104.0,4 ROOM,488000.0,2024,6,2024-06-01,data_gov_sg
Singapore,CHOA CHU KANG,112.0,5 ROOM,665000.0,2024,6,2024-06-01,data_gov_sg
Singapore,CHOA CHU KANG,112.0,5 ROOM,680000.0,2024,6,2024-06-01,data_gov_sg
Singapore,CHOA CHU KANG,112.0,5 ROOM,605000.0,2024,6,2024-06-01,data_gov_sg
Singapore,CHOA CHU KANG,112.0,5 ROOM,678000.0,2024,6,2024-06-01,data_gov_sg
Singapore,CHOA CHU KANG,120.0,5 ROOM,568000.0,2024,6,2024-06-01,data_gov_sg
Singapore,CHOA CHU KANG,123.0,5 ROOM,600000.0,2024,6,2024-06-01,data_gov_sg
Singapore,CHOA CHU KANG,123.0,5 ROOM,575000.0,2024,6,2024-06-01,data_gov_sg
Singapore,CHOA CHU KANG,122.0,5 ROOM,590000.0,2024,6,2024-06-01,data_gov_sg
Singapore,CHOA CHU KANG,116.0,5 ROOM,550000.0,2024,6,2024-06-01,data_gov_sg
Singapore,CHOA CHU KANG,113.0,5 ROOM,610000.0,2024,6,2024-06-01,data_gov_sg
Singapore,CHOA CHU KANG,116.0,5 ROOM,601000.0,2024,6,2024-06-01,data_gov_sg
Singapore,CHOA CHU KANG,113.0,5 ROOM,672000.0,2024,6,2024-06-01,data_gov_sg
Singapore,CHOA CHU KANG,113.0,5 ROOM,686500.0,2024,6,2024-06-01,data_gov_sg
Singapore,CHOA CHU KANG,113.0,5 ROOM,760888.0,2024,6,2024-06-01,data_gov_sg
Singapore,CHOA CHU KANG,110.0,5 ROOM,530000.0,2024,6,2024-06-01,data_gov_sg
Singapore,CHOA CHU KANG,110.0,5 ROOM,500000.0,2024,6,2024-06-01,data_gov_sg
Singapore,CHOA CHU KANG,111.0,5 ROOM,545000.0,2024,6,2024-06-01,data_gov_sg
Singapore,CHOA CHU KANG,110.0,5 ROOM,542000.0,2024,6,2024-06-01,data_gov_sg
Singapore,CHOA CHU KANG,122.0,5 ROOM,600000.0,2024,6,2024-06-01,data_gov_sg
Singapore,CHOA CHU KANG,121.0,5 ROOM,612888.0,2024,6,2024-06-01,data_gov_sg
Singapore,CHOA CHU KANG,131.0,5 ROOM,745000.0,2024,6,2024-06-01,data_gov_sg
Singapore,CHOA CHU KANG,126.0,5 ROOM,690000.0,2024,6,2024-06-01,data_gov_sg
Singapore,CHOA CHU KANG,126.0,5 ROOM,700000.0,2024,6,2024-06-01,data_gov_sg
Singapore,CHOA CHU KANG,127.0,5 ROOM,595000.0,2024,6,2024-06-01,data_gov_sg
Singapore,CHOA CHU KANG,123.0,5 ROOM,580000.0,2024,6,2024-06-01,data_gov_sg
Singapore,CHOA CHU KANG,120.0,5 ROOM,640000.0,2024,6,2024-06-01,data_gov_sg
Singapore,CHOA CHU KANG,120.0,5 ROOM,650000.0,2024,6,2024-06-01,data_gov_sg
Singapore,CHOA CHU KANG,113.0,5 ROOM,620000.0,2024,6,2024-06-01,data_gov_sg
Singapore,CHOA CHU KANG,113.0,5 ROOM,720000.0,2024,6,2024-06-01,data_gov_sg
Singapore,CHOA CHU KANG,113.0,5 ROOM,663888.0,2024,6,2024-06-01,data_gov_sg
Singapore,CHOA CHU KANG,113.0,5 ROOM,626000.0,2024,6,2024-06-01,data_gov_sg
Singapore,CHOA CHU KANG,113.0,5 ROOM,663000.0,2024,6,2024-06-01,data_gov_sg
Singapore,CHOA CHU KANG,113.0,5 ROOM,617000.0,2024,6,2024-06-01,data_gov_sg
Singapore,CHOA CHU KANG,112.0,5 ROOM,640000.0,2024,6,2024-06-01,data_gov_sg
Singapore,CHOA CHU KANG,112.0,5 ROOM,708000.0,2024,6,2024-06-01,data_gov_sg
Singapore,CHOA CHU KANG,112.0,5 ROOM,720000.0,2024,6,2024-06-01,data_gov_sg
Singapore,CHOA CHU KANG,146.0,EXECUTIVE,773000.0,2024,6,2024-06-01,data_gov_sg
Singapore,CHOA CHU KANG,149.0,EXECUTIVE,800000.0,2024,6,2024-06-01,data_gov_sg
Singapore,CHOA CHU KANG,150.0,EXECUTIVE,818000.0,2024,6,2024-06-01,data_gov_sg
Singapore,CHOA CHU KANG,141.0,EXECUTIVE,726000.0,2024,6,2024-06-01,data_gov_sg
Singapore,CHOA CHU KANG,141.0,EXECUTIVE,720000.0,2024,6,2024-06-01,data_gov_sg
Singapore,CHOA CHU KANG,142.0,EXECUTIVE,907888.0,2024,6,2024-06-01,data_gov_sg
Singapore,CHOA CHU KANG,143.0,EXECUTIVE,865000.0,2024,6,2024-06-01,data_gov_sg
Singapore,CHOA CHU KANG,144.0,EXECUTIVE,850888.0,2024,6,2024-06-01,data_gov_sg
Singapore,CHOA CHU KANG,147.0,EXECUTIVE,828000.0,2024,6,2024-06-01,data_gov_sg
Singapore,CHOA CHU KANG,147.0,EXECUTIVE,757000.0,2024,6,2024-06-01,data_gov_sg
Singapore,CHOA CHU KANG,147.0,EXECUTIVE,738000.0,2024,6,2024-06-01,data_gov_sg
Singapore,CHOA CHU KANG,148.0,EXECUTIVE,755000.0,2024,6,2024-06-01,data_gov_sg
Singapore,CHOA CHU KANG,141.0,EXECUTIVE,760000.0,2024,6,2024-06-01,data_gov_sg
Singapore,CHOA CHU KANG,146.0,EXECUTIVE,830000.0,2024,6,2024-06-01,data_gov_sg
Singapore,CLEMENTI,49.0,2 ROOM,475000.0,2024,6,2024-06-01,data_gov_sg
Singapore,CLEMENTI,73.0,3 ROOM,595000.0,2024,6,2024-06-01,data_gov_sg
Singapore,CLEMENTI,67.0,3 ROOM,408000.0,2024,6,2024-06-01,data_gov_sg
Singapore,CLEMENTI,67.0,3 ROOM,420000.0,2024,6,2024-06-01,data_gov_sg
Singapore,CLEMENTI,67.0,3 ROOM,408888.0,2024,6,2024-06-01,data_gov_sg
Singapore,CLEMENTI,67.0,3 ROOM,399888.0,2024,6,2024-06-01,data_gov_sg
Singapore,CLEMENTI,68.0,3 ROOM,375000.0,2024,6,2024-06-01,data_gov_sg
Singapore,CLEMENTI,68.0,3 ROOM,448888.0,2024,6,2024-06-01,data_gov_sg
Singapore,CLEMENTI,67.0,3 ROOM,400000.0,2024,6,2024-06-01,data_gov_sg
Singapore,CLEMENTI,67.0,3 ROOM,357000.0,2024,6,2024-06-01,data_gov_sg
Singapore,CLEMENTI,69.0,3 ROOM,740000.0,2024,6,2024-06-01,data_gov_sg
Singapore,CLEMENTI,67.0,3 ROOM,390000.0,2024,6,2024-06-01,data_gov_sg
Singapore,CLEMENTI,67.0,3 ROOM,405000.0,2024,6,2024-06-01,data_gov_sg
Singapore,CLEMENTI,68.0,3 ROOM,400000.0,2024,6,2024-06-01,data_gov_sg
Singapore,CLEMENTI,67.0,3 ROOM,405000.0,2024,6,2024-06-01,data_gov_sg
Singapore,CLEMENTI,82.0,3 ROOM,450000.0,2024,6,2024-06-01,data_gov_sg
Singapore,CLEMENTI,74.0,3 ROOM,395000.0,2024,6,2024-06-01,data_gov_sg
Singapore,CLEMENTI,67.0,3 ROOM,350000.0,2024,6,2024-06-01,data_gov_sg
Singapore,CLEMENTI,67.0,3 ROOM,368000.0,2024,6,2024-06-01,data_gov_sg
Singapore,CLEMENTI,67.0,3 ROOM,373000.0,2024,6,2024-06-01,data_gov_sg
Singapore,CLEMENTI,82.0,3 ROOM,448000.0,2024,6,2024-06-01,data_gov_sg
Singapore,CLEMENTI,68.0,3 ROOM,365000.0,2024,6,2024-06-01,data_gov_sg
Singapore,CLEMENTI,67.0,3 ROOM,355000.0,2024,6,2024-06-01,data_gov_sg
Singapore,CLEMENTI,67.0,3 ROOM,355000.0,2024,6,2024-06-01,data_gov_sg
Singapore,CLEMENTI,67.0,3 ROOM,388000.0,2024,6,2024-06-01,data_gov_sg
Singapore,CLEMENTI,98.0,4 ROOM,550000.0,2024,6,2024-06-01,data_gov_sg
Singapore,CLEMENTI,100.0,4 ROOM,882880.0,2024,6,2024-06-01,data_gov_sg
Singapore,CLEMENTI,92.0,4 ROOM,755000.0,2024,6,2024-06-01,data_gov_sg
Singapore,CLEMENTI,92.0,4 ROOM,608888.0,2024,6,2024-06-01,data_gov_sg
Singapore,CLEMENTI,92.0,4 ROOM,570000.0,2024,6,2024-06-01,data_gov_sg
Singapore,CLEMENTI,92.0,4 ROOM,550000.0,2024,6,2024-06-01,data_gov_sg
Singapore,CLEMENTI,92.0,4 ROOM,645000.0,2024,6,2024-06-01,data_gov_sg
Singapore,CLEMENTI,90.0,4 ROOM,750000.0,2024,6,2024-06-01,data_gov_sg
Singapore,CLEMENTI,91.0,4 ROOM,1060000.0,2024,6,2024-06-01,data_gov_sg
Singapore,CLEMENTI,93.0,4 ROOM,1158000.0,2024,6,2024-06-01,data_gov_sg
Singapore,CLEMENTI,93.0,4 ROOM,1000000.0,2024,6,2024-06-01,data_gov_sg
Singapore,CLEMENTI,92.0,4 ROOM,580000.0,2024,6,2024-06-01,data_gov_sg
Singapore,CLEMENTI,80.0,4 ROOM,950000.0,2024,6,2024-06-01,data_gov_sg
Singapore,CLEMENTI,93.0,4 ROOM,988000.0,2024,6,2024-06-01,data_gov_sg
Singapore,CLEMENTI,91.0,4 ROOM,550000.0,2024,6,2024-06-01,data_gov_sg
Singapore,CLEMENTI,92.0,4 ROOM,529888.0,2024,6,2024-06-01,data_gov_sg
Singapore,CLEMENTI,92.0,4 ROOM,502000.0,2024,6,2024-06-01,data_gov_sg
Singapore,CLEMENTI,91.0,4 ROOM,470000.0,2024,6,2024-06-01,data_gov_sg
Singapore,CLEMENTI,93.0,4 ROOM,480000.0,2024,6,2024-06-01,data_gov_sg
Singapore,CLEMENTI,92.0,4 ROOM,505000.0,2024,6,2024-06-01,data_gov_sg
Singapore,CLEMENTI,112.0,5 ROOM,1300000.0,2024,6,2024-06-01,data_gov_sg
Singapore,CLEMENTI,105.0,5 ROOM,1275000.0,2024,6,2024-06-01,data_gov_sg
Singapore,CLEMENTI,113.0,5 ROOM,1223000.0,2024,6,2024-06-01,data_gov_sg
Singapore,CLEMENTI,149.0,EXECUTIVE,965000.0,2024,6,2024-06-01,data_gov_sg
Singapore,CLEMENTI,147.0,EXECUTIVE,1110000.0,2024,6,2024-06-01,data_gov_sg
Singapore,GEYLANG,45.0,2 ROOM,325000.0,2024,6,2024-06-01,data_gov_sg
Singapore,GEYLANG,42.0,2 ROOM,295000.0,2024,6,2024-06-01,data_gov_sg
Singapore,GEYLANG,40.0,2 ROOM,315000.0,2024,6,2024-06-01,data_gov_sg
Singapore,GEYLANG,65.0,3 ROOM,410000.0,2024,6,2024-06-01,data_gov_sg
Singapore,GEYLANG,67.0,3 ROOM,438000.0,2024,6,2024-06-01,data_gov_sg
Singapore,GEYLANG,67.0,3 ROOM,420000.0,2024,6,2024-06-01,data_gov_sg
Singapore,GEYLANG,67.0,3 ROOM,370000.0,2024,6,2024-06-01,data_gov_sg
Singapore,GEYLANG,67.0,3 ROOM,347000.0,2024,6,2024-06-01,data_gov_sg
Singapore,GEYLANG,68.0,3 ROOM,478000.0,2024,6,2024-06-01,data_gov_sg
Singapore,GEYLANG,68.0,3 ROOM,738000.0,2024,6,2024-06-01,data_gov_sg
Singapore,GEYLANG,61.0,3 ROOM,330000.0,2024,6,2024-06-01,data_gov_sg
Singapore,GEYLANG,68.0,3 ROOM,730000.0,2024,6,2024-06-01,data_gov_sg
Singapore,GEYLANG,59.0,3 ROOM,310000.0,2024,6,2024-06-01,data_gov_sg
Singapore,GEYLANG,60.0,3 ROOM,328888.0,2024,6,2024-06-01,data_gov_sg
Singapore,GEYLANG,52.0,3 ROOM,306888.0,2024,6,2024-06-01,data_gov_sg
Singapore,GEYLANG,68.0,3 ROOM,750000.0,2024,6,2024-06-01,data_gov_sg
Singapore,GEYLANG,60.0,3 ROOM,670000.0,2024,6,2024-06-01,data_gov_sg
Singapore,GEYLANG,70.0,3 ROOM,383000.0,2024,6,2024-06-01,data_gov_sg
Singapore,GEYLANG,59.0,3 ROOM,318000.0,2024,6,2024-06-01,data_gov_sg
Singapore,GEYLANG,74.0,3 ROOM,495000.0,2024,6,2024-06-01,data_gov_sg
Singapore,GEYLANG,65.0,3 ROOM,400000.0,2024,6,2024-06-01,data_gov_sg
Singapore,GEYLANG,59.0,3 ROOM,363888.0,2024,6,2024-06-01,data_gov_sg
Singapore,GEYLANG,62.0,3 ROOM,355000.0,2024,6,2024-06-01,data_gov_sg
Singapore,GEYLANG,58.0,3 ROOM,300000.0,2024,6,2024-06-01,data_gov_sg
Singapore,GEYLANG,68.0,3 ROOM,468000.0,2024,6,2024-06-01,data_gov_sg
Singapore,GEYLANG,65.0,3 ROOM,372000.0,2024,6,2024-06-01,data_gov_sg
Singapore,GEYLANG,76.0,3 ROOM,398888.0,2024,6,2024-06-01,data_gov_sg
Singapore,GEYLANG,64.0,3 ROOM,400000.0,2024,6,2024-06-01,data_gov_sg
Singapore,GEYLANG,64.0,3 ROOM,438888.0,2024,6,2024-06-01,data_gov_sg
Singapore,GEYLANG,63.0,3 ROOM,410000.0,2024,6,2024-06-01,data_gov_sg
Singapore,GEYLANG,93.0,4 ROOM,1006888.0,2024,6,2024-06-01,data_gov_sg
Singapore,GEYLANG,93.0,4 ROOM,1007000.0,2024,6,2024-06-01,data_gov_sg
Singapore,GEYLANG,93.0,4 ROOM,966000.0,2024,6,2024-06-01,data_gov_sg
Singapore,GEYLANG,96.0,4 ROOM,985000.0,2024,6,2024-06-01,data_gov_sg
Singapore,GEYLANG,93.0,4 ROOM,1000000.0,2024,6,2024-06-01,data_gov_sg
Singapore,GEYLANG,96.0,4 ROOM,1008888.0,2024,6,2024-06-01,data_gov_sg
Singapore,GEYLANG,93.0,4 ROOM,935000.0,2024,6,2024-06-01,data_gov_sg
Singapore,GEYLANG,96.0,4 ROOM,1050000.0,2024,6,2024-06-01,data_gov_sg
Singapore,GEYLANG,93.0,4 ROOM,1080000.0,2024,6,2024-06-01,data_gov_sg
Singapore,GEYLANG,93.0,4 ROOM,998000.0,2024,6,2024-06-01,data_gov_sg
Singapore,GEYLANG,93.0,4 ROOM,1000000.0,2024,6,2024-06-01,data_gov_sg
Singapore,GEYLANG,93.0,4 ROOM,960000.0,2024,6,2024-06-01,data_gov_sg
Singapore,GEYLANG,90.0,4 ROOM,860000.0,2024,6,2024-06-01,data_gov_sg
Singapore,GEYLANG,84.0,4 ROOM,558000.0,2024,6,2024-06-01,data_gov_sg
Singapore,GEYLANG,92.0,4 ROOM,570000.0,2024,6,2024-06-01,data_gov_sg
Singapore,GEYLANG,93.0,4 ROOM,885000.0,2024,6,2024-06-01,data_gov_sg
Singapore,GEYLANG,91.0,4 ROOM,535000.0,2024,6,2024-06-01,data_gov_sg
Singapore,GEYLANG,93.0,4 ROOM,510000.0,2024,6,2024-06-01,data_gov_sg
Singapore,GEYLANG,95.0,4 ROOM,896800.0,2024,6,2024-06-01,data_gov_sg
Singapore,GEYLANG,91.0,4 ROOM,558888.0,2024,6,2024-06-01,data_gov_sg
Singapore,GEYLANG,83.0,4 ROOM,485000.0,2024,6,2024-06-01,data_gov_sg
Singapore,GEYLANG,90.0,4 ROOM,502000.0,2024,6,2024-06-01,data_gov_sg
Singapore,GEYLANG,84.0,4 ROOM,520000.0,2024,6,2024-06-01,data_gov_sg
Singapore,GEYLANG,120.0,5 ROOM,1038000.0,2024,6,2024-06-01,data_gov_sg
Singapore,GEYLANG,118.0,5 ROOM,795000.0,2024,6,2024-06-01,data_gov_sg
Singapore,GEYLANG,110.0,5 ROOM,1098888.0,2024,6,2024-06-01,data_gov_sg
Singapore,GEYLANG,111.0,5 ROOM,1068888.0,2024,6,2024-06-01,data_gov_sg
Singapore,GEYLANG,117.0,5 ROOM,695000.0,2024,6,2024-06-01,data_gov_sg
Singapore,GEYLANG,146.0,EXECUTIVE,1068888.0,2024,6,2024-06-01,data_gov_sg
Singapore,GEYLANG,146.0,EXECUTIVE,990000.0,2024,6,2024-06-01,data_gov_sg
Singapore,HOUGANG,47.0,2 ROOM,355000.0,2024,6,2024-06-01,data_gov_sg
Singapore,HOUGANG,47.0,2 ROOM,320000.0,2024,6,2024-06-01,data_gov_sg
Singapore,HOUGANG,38.0,2 ROOM,345000.0,2024,6,2024-06-01,data_gov_sg
Singapore,HOUGANG,68.0,3 ROOM,510000.0,2024,6,2024-06-01,data_gov_sg
Singapore,HOUGANG,68.0,3 ROOM,500000.0,2024,6,2024-06-01,data_gov_sg
Singapore,HOUGANG,68.0,3 ROOM,490000.0,2024,6,2024-06-01,data_gov_sg
Singapore,HOUGANG,68.0,3 ROOM,518000.0,2024,6,2024-06-01,data_gov_sg
Singapore,HOUGANG,68.0,3 ROOM,490000.0,2024,6,2024-06-01,data_gov_sg
Singapore,HOUGANG,66.0,3 ROOM,368000.0,2024,6,2024-06-01,data_gov_sg
Singapore,HOUGANG,67.0,3 ROOM,365000.0,2024,6,2024-06-01,data_gov_sg
Singapore,HOUGANG,59.0,3 ROOM,328000.0,2024,6,2024-06-01,data_gov_sg
Singapore,HOUGANG,71.0,3 ROOM,448000.0,2024,6,2024-06-01,data_gov_sg
Singapore,HOUGANG,74.0,3 ROOM,432000.0,2024,6,2024-06-01,data_gov_sg
Singapore,HOUGANG,67.0,3 ROOM,438000.0,2024,6,2024-06-01,data_gov_sg
Singapore,HOUGANG,74.0,3 ROOM,445000.0,2024,6,2024-06-01,data_gov_sg
Singapore,HOUGANG,70.0,3 ROOM,439000.0,2024,6,2024-06-01,data_gov_sg
Singapore,HOUGANG,68.0,3 ROOM,405000.0,2024,6,2024-06-01,data_gov_sg
Singapore,HOUGANG,64.0,3 ROOM,388000.0,2024,6,2024-06-01,data_gov_sg
Singapore,HOUGANG,60.0,3 ROOM,385000.0,2024,6,2024-06-01,data_gov_sg
Singapore,HOUGANG,60.0,3 ROOM,375000.0,2024,6,2024-06-01,data_gov_sg
Singapore,HOUGANG,67.0,3 ROOM,433000.0,2024,6,2024-06-01,data_gov_sg
Singapore,HOUGANG,67.0,3 ROOM,406888.0,2024,6,2024-06-01,data_gov_sg
Singapore,HOUGANG,74.0,3 ROOM,450000.0,2024,6,2024-06-01,data_gov_sg
Singapore,HOUGANG,74.0,3 ROOM,420000.0,2024,6,2024-06-01,data_gov_sg
Singapore,HOUGANG,68.0,3 ROOM,498000.0,2024,6,2024-06-01,data_gov_sg
Singapore,HOUGANG,68.0,3 ROOM,508999.0,2024,6,2024-06-01,data_gov_sg
Singapore,HOUGANG,94.0,4 ROOM,665000.0,2024,6,2024-06-01,data_gov_sg
Singapore,HOUGANG,93.0,4 ROOM,655000.0,2024,6,2024-06-01,data_gov_sg
Singapore,HOUGANG,93.0,4 ROOM,625000.0,2024,6,2024-06-01,data_gov_sg
Singapore,HOUGANG,85.0,4 ROOM,580000.0,2024,6,2024-06-01,data_gov_sg
Singapore,HOUGANG,93.0,4 ROOM,635000.0,2024,6,2024-06-01,data_gov_sg
Singapore,HOUGANG,93.0,4 ROOM,645000.0,2024,6,2024-06-01,data_gov_sg
Singapore,HOUGANG,92.0,4 ROOM,640000.0,2024,6,2024-06-01,data_gov_sg
Singapore,HOUGANG,92.0,4 ROOM,650000.0,2024,6,2024-06-01,data_gov_sg
Singapore,HOUGANG,92.0,4 ROOM,645000.0,2024,6,2024-06-01,data_gov_sg
Singapore,HOUGANG,93.0,4 ROOM,630000.0,2024,6,2024-06-01,data_gov_sg
Singapore,HOUGANG,92.0,4 ROOM,585000.0,2024,6,2024-06-01,data_gov_sg
Singapore,HOUGANG,93.0,4 ROOM,588000.0,2024,6,2024-06-01,data_gov_sg
Singapore,HOUGANG,93.0,4 ROOM,625000.0,2024,6,2024-06-01,data_gov_sg
Singapore,HOUGANG,93.0,4 ROOM,635000.0,2024,6,2024-06-01,data_gov_sg
Singapore,HOUGANG,93.0,4 ROOM,595000.0,2024,6,2024-06-01,data_gov_sg
Singapore,HOUGANG,93.0,4 ROOM,605000.0,2024,6,2024-06-01,data_gov_sg
Singapore,HOUGANG,93.0,4 ROOM,653888.0,2024,6,2024-06-01,data_gov_sg
Singapore,HOUGANG,93.0,4 ROOM,633000.0,2024,6,2024-06-01,data_gov_sg
Singapore,HOUGANG,93.0,4 ROOM,610000.0,2024,6,2024-06-01,data_gov_sg
Singapore,HOUGANG,85.0,4 ROOM,511888.0,2024,6,2024-06-01,data_gov_sg
Singapore,HOUGANG,93.0,4 ROOM,658000.0,2024,6,2024-06-01,data_gov_sg
Singapore,HOUGANG,91.0,4 ROOM,480000.0,2024,6,2024-06-01,data_gov_sg
Singapore,HOUGANG,101.0,4 ROOM,605000.0,2024,6,2024-06-01,data_gov_sg
Singapore,HOUGANG,111.0,4 ROOM,668000.0,2024,6,2024-06-01,data_gov_sg
Singapore,HOUGANG,92.0,4 ROOM,520000.0,2024,6,2024-06-01,data_gov_sg
Singapore,HOUGANG,104.0,4 ROOM,600000.0,2024,6,2024-06-01,data_gov_sg
Singapore,HOUGANG,113.0,4 ROOM,680000.0,2024,6,2024-06-01,data_gov_sg
Singapore,HOUGANG,98.0,4 ROOM,540000.0,2024,6,2024-06-01,data_gov_sg
Singapore,HOUGANG,104.0,4 ROOM,548000.0,2024,6,2024-06-01,data_gov_sg
Singapore,HOUGANG,95.0,4 ROOM,530000.0,2024,6,2024-06-01,data_gov_sg
Singapore,HOUGANG,103.0,4 ROOM,590000.0,2024,6,2024-06-01,data_gov_sg
Singapore,HOUGANG,85.0,4 ROOM,515000.0,2024,6,2024-06-01,data_gov_sg
Singapore,HOUGANG,105.0,4 ROOM,570000.0,2024,6,2024-06-01,data_gov_sg
Singapore,HOUGANG,93.0,4 ROOM,545000.0,2024,6,2024-06-01,data_gov_sg
Singapore,HOUGANG,104.0,4 ROOM,620000.0,2024,6,2024-06-01,data_gov_sg
Singapore,HOUGANG,109.0,4 ROOM,500000.0,2024,6,2024-06-01,data_gov_sg
Singapore,HOUGANG,83.0,4 ROOM,490000.0,2024,6,2024-06-01,data_gov_sg
Singapore,HOUGANG,93.0,4 ROOM,505000.0,2024,6,2024-06-01,data_gov_sg
Singapore,HOUGANG,107.0,4 ROOM,600000.0,2024,6,2024-06-01,data_gov_sg
Singapore,HOUGANG,84.0,4 ROOM,450000.0,2024,6,2024-06-01,data_gov_sg
Singapore,HOUGANG,103.0,4 ROOM,550000.0,2024,6,2024-06-01,data_gov_sg
Singapore,HOUGANG,105.0,4 ROOM,638000.0,2024,6,2024-06-01,data_gov_sg
Singapore,HOUGANG,84.0,4 ROOM,500000.0,2024,6,2024-06-01,data_gov_sg
Singapore,HOUGANG,101.0,4 ROOM,541888.0,2024,6,2024-06-01,data_gov_sg
Singapore,HOUGANG,100.0,4 ROOM,560000.0,2024,6,2024-06-01,data_gov_sg
Singapore,HOUGANG,110.0,4 ROOM,618000.0,2024,6,2024-06-01,data_gov_sg
Singapore,HOUGANG,105.0,4 ROOM,568888.0,2024,6,2024-06-01,data_gov_sg
Singapore,HOUGANG,101.0,4 ROOM,605000.0,2024,6,2024-06-01,data_gov_sg
Singapore,HOUGANG,100.0,4 ROOM,670000.0,2024,6,2024-06-01,data_gov_sg
Singapore,HOUGANG,101.0,4 ROOM,635000.0,2024,6,2024-06-01,data_gov_sg
Singapore,HOUGANG,100.0,4 ROOM,600000.0,2024,6,2024-06-01,data_gov_sg
Singapore,HOUGANG,104.0,4 ROOM,558000.0,2024,6,2024-06-01,data_gov_sg
Singapore,HOUGANG,103.0,4 ROOM,560000.0,2024,6,2024-06-01,data_gov_sg
Singapore,HOUGANG,89.0,4 ROOM,550000.0,2024,6,2024-06-01,data_gov_sg
Singapore,HOUGANG,103.0,4 ROOM,548000.0,2024,6,2024-06-01,data_gov_sg
Singapore,HOUGANG,100.0,4 ROOM,614000.0,2024,6,2024-06-01,data_gov_sg
Singapore,HOUGANG,101.0,4 ROOM,528000.0,2024,6,2024-06-01,data_gov_sg
Singapore,HOUGANG,106.0,4 ROOM,560000.0,2024,6,2024-06-01,data_gov_sg
Singapore,HOUGANG,106.0,4 ROOM,525000.0,2024,6,2024-06-01,data_gov_sg
Singapore,HOUGANG,92.0,4 ROOM,750000.0,2024,6,2024-06-01,data_gov_sg
Singapore,HOUGANG,104.0,4 ROOM,560000.0,2024,6,2024-06-01,data_gov_sg
Singapore,HOUGANG,113.0,5 ROOM,743000.0,2024,6,2024-06-01,data_gov_sg
Singapore,HOUGANG,122.0,5 ROOM,780000.0,2024,6,2024-06-01,data_gov_sg
Singapore,HOUGANG,120.0,5 ROOM,630000.0,2024,6,2024-06-01,data_gov_sg
Singapore,HOUGANG,121.0,5 ROOM,750000.0,2024,6,2024-06-01,data_gov_sg
Singapore,HOUGANG,123.0,5 ROOM,650000.0,2024,6,2024-06-01,data_gov_sg
Singapore,HOUGANG,126.0,5 ROOM,650000.0,2024,6,2024-06-01,data_gov_sg
Singapore,HOUGANG,131.0,5 ROOM,740000.0,2024,6,2024-06-01,data_gov_sg
Singapore,HOUGANG,121.0,5 ROOM,762000.0,2024,6,2024-06-01,data_gov_sg
Singapore,HOUGANG,121.0,5 ROOM,678000.0,2024,6,2024-06-01,data_gov_sg
Singapore,HOUGANG,121.0,5 ROOM,660000.0,2024,6,2024-06-01,data_gov_sg
Singapore,HOUGANG,120.0,5 ROOM,656000.0,2024,6,2024-06-01,data_gov_sg
Singapore,HOUGANG,115.0,5 ROOM,638000.0,2024,6,2024-06-01,data_gov_sg
Singapore,HOUGANG,116.0,5 ROOM,590000.0,2024,6,2024-06-01,data_gov_sg
Singapore,HOUGANG,115.0,5 ROOM,682000.0,2024,6,2024-06-01,data_gov_sg
Singapore,HOUGANG,120.0,5 ROOM,748888.0,2024,6,2024-06-01,data_gov_sg
Singapore,HOUGANG,116.0,5 ROOM,688888.0,2024,6,2024-06-01,data_gov_sg
Singapore,HOUGANG,116.0,5 ROOM,838000.0,2024,6,2024-06-01,data_gov_sg
Singapore,HOUGANG,142.0,5 ROOM,1088000.0,2024,6,2024-06-01,data_gov_sg
Singapore,HOUGANG,121.0,5 ROOM,851888.0,2024,6,2024-06-01,data_gov_sg
Singapore,HOUGANG,121.0,5 ROOM,633888.0,2024,6,2024-06-01,data_gov_sg
Singapore,HOUGANG,120.0,5 ROOM,730000.0,2024,6,2024-06-01,data_gov_sg
Singapore,HOUGANG,120.0,5 ROOM,756000.0,2024,6,2024-06-01,data_gov_sg
Singapore,HOUGANG,113.0,5 ROOM,790888.0,2024,6,2024-06-01,data_gov_sg
Singapore,HOUGANG,113.0,5 ROOM,753500.0,2024,6,2024-06-01,data_gov_sg
Singapore,HOUGANG,112.0,5 ROOM,980000.0,2024,6,2024-06-01,data_gov_sg
Singapore,HOUGANG,112.0,5 ROOM,828000.0,2024,6,2024-06-01,data_gov_sg
Singapore,HOUGANG,113.0,5 ROOM,780000.0,2024,6,2024-06-01,data_gov_sg
Singapore,HOUGANG,115.0,5 ROOM,880000.0,2024,6,2024-06-01,data_gov_sg
Singapore,HOUGANG,161.0,EXECUTIVE,950000.0,2024,6,2024-06-01,data_gov_sg
Singapore,HOUGANG,139.0,EXECUTIVE,850000.0,2024,6,2024-06-01,data_gov_sg
Singapore,HOUGANG,146.0,EXECUTIVE,970000.0,2024,6,2024-06-01,data_gov_sg
Singapore,HOUGANG,145.0,EXECUTIVE,880000.0,2024,6,2024-06-01,data_gov_sg
Singapore,HOUGANG,145.0,EXECUTIVE,990000.0,2024,6,2024-06-01,data_gov_sg
Singapore,HOUGANG,152.0,EXECUTIVE,845000.0,2024,6,2024-06-01,data_gov_sg
Singapore,HOUGANG,148.0,EXECUTIVE,960000.0,2024,6,2024-06-01,data_gov_sg
Singapore,HOUGANG,139.0,EXECUTIVE,1071888.0,2024,6,2024-06-01,data_gov_sg
Singapore,HOUGANG,148.0,EXECUTIVE,980000.0,2024,6,2024-06-01,data_gov_sg
Singapore,HOUGANG,148.0,EXECUTIVE,920000.0,2024,6,2024-06-01,data_gov_sg
Singapore,HOUGANG,141.0,EXECUTIVE,860000.0,2024,6,2024-06-01,data_gov_sg
Singapore,HOUGANG,140.0,EXECUTIVE,893000.0,2024,6,2024-06-01,data_gov_sg
Singapore,HOUGANG,142.0,EXECUTIVE,970000.0,2024,6,2024-06-01,data_gov_sg
Singapore,HOUGANG,148.0,EXECUTIVE,895000.0,2024,6,2024-06-01,data_gov_sg
Singapore,HOUGANG,148.0,EXECUTIVE,900000.0,2024,6,2024-06-01,data_gov_sg
Singapore,HOUGANG,142.0,EXECUTIVE,925000.0,2024,6,2024-06-01,data_gov_sg
Singapore,HOUGANG,146.0,EXECUTIVE,873888.0,2024,6,2024-06-01,data_gov_sg
Singapore,HOUGANG,142.0,EXECUTIVE,908000.0,2024,6,2024-06-01,data_gov_sg
Singapore,JURONG EAST,68.0,3 ROOM,530000.0,2024,6,2024-06-01,data_gov_sg
Singapore,JURONG EAST,74.0,3 ROOM,400000.0,2024,6,2024-06-01,data_gov_sg
Singapore,JURONG EAST,68.0,3 ROOM,410000.0,2024,6,2024-06-01,data_gov_sg
Singapore,JURONG EAST,67.0,3 ROOM,370000.0,2024,6,2024-06-01,data_gov_sg
Singapore,JURONG EAST,67.0,3 ROOM,398000.0,2024,6,2024-06-01,data_gov_sg
Singapore,JURONG EAST,68.0,3 ROOM,370000.0,2024,6,2024-06-01,data_gov_sg
Singapore,JURONG EAST,67.0,3 ROOM,400000.0,2024,6,2024-06-01,data_gov_sg
Singapore,JURONG EAST,67.0,3 ROOM,376854.0,2024,6,2024-06-01,data_gov_sg
Singapore,JURONG EAST,68.0,3 ROOM,385000.0,2024,6,2024-06-01,data_gov_sg
Singapore,JURONG EAST,68.0,3 ROOM,368000.0,2024,6,2024-06-01,data_gov_sg
Singapore,JURONG EAST,67.0,3 ROOM,389000.0,2024,6,2024-06-01,data_gov_sg
Singapore,JURONG EAST,74.0,3 ROOM,450000.0,2024,6,2024-06-01,data_gov_sg
Singapore,JURONG EAST,64.0,3 ROOM,432000.0,2024,6,2024-06-01,data_gov_sg
Singapore,JURONG EAST,92.0,4 ROOM,475000.0,2024,6,2024-06-01,data_gov_sg
Singapore,JURONG EAST,91.0,4 ROOM,485000.0,2024,6,2024-06-01,data_gov_sg
Singapore,JURONG EAST,91.0,4 ROOM,495000.0,2024,6,2024-06-01,data_gov_sg
Singapore,JURONG EAST,104.0,4 ROOM,495000.0,2024,6,2024-06-01,data_gov_sg
Singapore,JURONG EAST,90.0,4 ROOM,495000.0,2024,6,2024-06-01,data_gov_sg
Singapore,JURONG EAST,88.0,4 ROOM,440000.0,2024,6,2024-06-01,data_gov_sg
Singapore,JURONG EAST,98.0,4 ROOM,455000.0,2024,6,2024-06-01,data_gov_sg
Singapore,JURONG EAST,99.0,4 ROOM,420000.0,2024,6,2024-06-01,data_gov_sg
Singapore,JURONG EAST,99.0,4 ROOM,430000.0,2024,6,2024-06-01,data_gov_sg
Singapore,JURONG EAST,87.0,4 ROOM,495000.0,2024,6,2024-06-01,data_gov_sg
Singapore,JURONG EAST,90.0,4 ROOM,558000.0,2024,6,2024-06-01,data_gov_sg
Singapore,JURONG EAST,102.0,4 ROOM,480000.0,2024,6,2024-06-01,data_gov_sg
Singapore,JURONG EAST,101.0,4 ROOM,618500.0,2024,6,2024-06-01,data_gov_sg
Singapore,JURONG EAST,120.0,5 ROOM,682000.0,2024,6,2024-06-01,data_gov_sg
Singapore,JURONG EAST,120.0,5 ROOM,623888.0,2024,6,2024-06-01,data_gov_sg
Singapore,JURONG EAST,118.0,5 ROOM,750000.0,2024,6,2024-06-01,data_gov_sg
Singapore,JURONG EAST,120.0,5 ROOM,608000.0,2024,6,2024-06-01,data_gov_sg
Singapore,JURONG EAST,120.0,5 ROOM,620000.0,2024,6,2024-06-01,data_gov_sg
Singapore,JURONG EAST,120.0,5 ROOM,645000.0,2024,6,2024-06-01,data_gov_sg
Singapore,JURONG EAST,121.0,5 ROOM,655000.0,2024,6,2024-06-01,data_gov_sg
Singapore,JURONG EAST,135.0,5 ROOM,658000.0,2024,6,2024-06-01,data_gov_sg
Singapore,JURONG EAST,132.0,5 ROOM,632000.0,2024,6,2024-06-01,data_gov_sg
Singapore,JURONG EAST,104.0,5 ROOM,468000.0,2024,6,2024-06-01,data_gov_sg
Singapore,JURONG EAST,149.0,EXECUTIVE,770000.0,2024,6,2024-06-01,data_gov_sg
Singapore,JURONG EAST,149.0,EXECUTIVE,722000.0,2024,6,2024-06-01,data_gov_sg
Singapore,JURONG EAST,149.0,EXECUTIVE,800000.0,2024,6,2024-06-01,data_gov_sg
Singapore,JURONG WEST,38.0,2 ROOM,330000.0,2024,6,2024-06-01,data_gov_sg
Singapore,JURONG WEST,57.0,2 ROOM,270000.0,2024,6,2024-06-01,data_gov_sg
Singapore,JURONG WEST,59.0,3 ROOM,305000.0,2024,6,2024-06-01,data_gov_sg
Singapore,JURONG WEST,59.0,3 ROOM,282000.0,2024,6,2024-06-01,data_gov_sg
Singapore,JURONG WEST,59.0,3 ROOM,288000.0,2024,6,2024-06-01,data_gov_sg
Singapore,JURONG WEST,59.0,3 ROOM,295000.0,2024,6,2024-06-01,data_gov_sg
Singapore,JURONG WEST,59.0,3 ROOM,308800.0,2024,6,2024-06-01,data_gov_sg
Singapore,JURONG WEST,75.0,3 ROOM,345000.0,2024,6,2024-06-01,data_gov_sg
Singapore,JURONG WEST,65.0,3 ROOM,330000.0,2024,6,2024-06-01,data_gov_sg
Singapore,JURONG WEST,65.0,3 ROOM,310000.0,2024,6,2024-06-01,data_gov_sg
Singapore,JURONG WEST,65.0,3 ROOM,305000.0,2024,6,2024-06-01,data_gov_sg
Singapore,JURONG WEST,74.0,3 ROOM,368000.0,2024,6,2024-06-01,data_gov_sg
Singapore,JURONG WEST,68.0,3 ROOM,470000.0,2024,6,2024-06-01,data_gov_sg
Singapore,JURONG WEST,68.0,3 ROOM,480000.0,2024,6,2024-06-01,data_gov_sg
Singapore,JURONG WEST,67.0,3 ROOM,340000.0,2024,6,2024-06-01,data_gov_sg
Singapore,JURONG WEST,73.0,3 ROOM,380000.0,2024,6,2024-06-01,data_gov_sg
Singapore,JURONG WEST,68.0,3 ROOM,530000.0,2024,6,2024-06-01,data_gov_sg
Singapore,JURONG WEST,67.0,3 ROOM,380000.0,2024,6,2024-06-01,data_gov_sg
Singapore,JURONG WEST,73.0,3 ROOM,398000.0,2024,6,2024-06-01,data_gov_sg
Singapore,JURONG WEST,64.0,3 ROOM,374000.0,2024,6,2024-06-01,data_gov_sg
Singapore,JURONG WEST,74.0,3 ROOM,377500.0,2024,6,2024-06-01,data_gov_sg
Singapore,JURONG WEST,74.0,3 ROOM,441000.0,2024,6,2024-06-01,data_gov_sg
Singapore,JURONG WEST,67.0,3 ROOM,360000.0,2024,6,2024-06-01,data_gov_sg
Singapore,JURONG WEST,88.0,3 ROOM,435000.0,2024,6,2024-06-01,data_gov_sg
Singapore,JURONG WEST,82.0,3 ROOM,440000.0,2024,6,2024-06-01,data_gov_sg
Singapore,JURONG WEST,74.0,3 ROOM,415000.0,2024,6,2024-06-01,data_gov_sg
Singapore,JURONG WEST,71.0,3 ROOM,385000.0,2024,6,2024-06-01,data_gov_sg
Singapore,JURONG WEST,67.0,3 ROOM,470000.0,2024,6,2024-06-01,data_gov_sg
Singapore,JURONG WEST,94.0,4 ROOM,588500.0,2024,6,2024-06-01,data_gov_sg
Singapore,JURONG WEST,92.0,4 ROOM,535000.0,2024,6,2024-06-01,data_gov_sg
Singapore,JURONG WEST,94.0,4 ROOM,603000.0,2024,6,2024-06-01,data_gov_sg
Singapore,JURONG WEST,93.0,4 ROOM,650000.0,2024,6,2024-06-01,data_gov_sg
Singapore,JURONG WEST,113.0,4 ROOM,542000.0,2024,6,2024-06-01,data_gov_sg
Singapore,JURONG WEST,93.0,4 ROOM,590000.0,2024,6,2024-06-01,data_gov_sg
Singapore,JURONG WEST,93.0,4 ROOM,638000.0,2024,6,2024-06-01,data_gov_sg
Singapore,JURONG WEST,103.0,4 ROOM,490000.0,2024,6,2024-06-01,data_gov_sg
Singapore,JURONG WEST,90.0,4 ROOM,463000.0,2024,6,2024-06-01,data_gov_sg
Singapore,JURONG WEST,88.0,4 ROOM,461000.0,2024,6,2024-06-01,data_gov_sg
Singapore,JURONG WEST,102.0,4 ROOM,555000.0,2024,6,2024-06-01,data_gov_sg
Singapore,JURONG WEST,102.0,4 ROOM,610000.0,2024,6,2024-06-01,data_gov_sg
Singapore,JURONG WEST,95.0,4 ROOM,468000.0,2024,6,2024-06-01,data_gov_sg
Singapore,JURONG WEST,90.0,4 ROOM,465000.0,2024,6,2024-06-01,data_gov_sg
Singapore,JURONG WEST,91.0,4 ROOM,460000.0,2024,6,2024-06-01,data_gov_sg
Singapore,JURONG WEST,92.0,4 ROOM,475000.0,2024,6,2024-06-01,data_gov_sg
Singapore,JURONG WEST,92.0,4 ROOM,458000.0,2024,6,2024-06-01,data_gov_sg
Singapore,JURONG WEST,93.0,4 ROOM,480000.0,2024,6,2024-06-01,data_gov_sg
Singapore,JURONG WEST,103.0,4 ROOM,490000.0,2024,6,2024-06-01,data_gov_sg
Singapore,JURONG WEST,108.0,4 ROOM,462000.0,2024,6,2024-06-01,data_gov_sg
Singapore,JURONG WEST,106.0,4 ROOM,468000.0,2024,6,2024-06-01,data_gov_sg
Singapore,JURONG WEST,94.0,4 ROOM,465000.0,2024,6,2024-06-01,data_gov_sg
Singapore,JURONG WEST,107.0,4 ROOM,510000.0,2024,6,2024-06-01,data_gov_sg
Singapore,JURONG WEST,99.0,4 ROOM,472800.0,2024,6,2024-06-01,data_gov_sg
Singapore,JURONG WEST,87.0,4 ROOM,500000.0,2024,6,2024-06-01,data_gov_sg
Singapore,JURONG WEST,101.0,4 ROOM,500000.0,2024,6,2024-06-01,data_gov_sg
Singapore,JURONG WEST,100.0,4 ROOM,535000.0,2024,6,2024-06-01,data_gov_sg
Singapore,JURONG WEST,91.0,4 ROOM,530000.0,2024,6,2024-06-01,data_gov_sg
Singapore,JURONG WEST,91.0,4 ROOM,543000.0,2024,6,2024-06-01,data_gov_sg
Singapore,JURONG WEST,94.0,4 ROOM,480888.0,2024,6,2024-06-01,data_gov_sg
Singapore,JURONG WEST,94.0,4 ROOM,483000.0,2024,6,2024-06-01,data_gov_sg
Singapore,JURONG WEST,90.0,4 ROOM,525888.0,2024,6,2024-06-01,data_gov_sg
Singapore,JURONG WEST,85.0,4 ROOM,495000.0,2024,6,2024-06-01,data_gov_sg
Singapore,JURONG WEST,90.0,4 ROOM,545000.0,2024,6,2024-06-01,data_gov_sg
Singapore,JURONG WEST,91.0,4 ROOM,490000.0,2024,6,2024-06-01,data_gov_sg
